Project, File, Commit
Sayem-Mohammad-Imtiaz/pythonrepo, program1.py, 4743bcb8109b53cbfb476daa96d006fc15e89877
Sayem-Mohammad-Imtiaz/pythonrepo, program1.py, fdd576c498d0927c557a5e575f1a05c1e092ee84
Sayem-Mohammad-Imtiaz/pythonrepo, program1.py, 36c94210149ca1e232ec40f211ad98d4d29c745f
Sayem-Mohammad-Imtiaz/pythonrepo, program1.py, e8dfeb859ef8087cecc249b571fc105f49e5b35a
Sayem-Mohammad-Imtiaz/pythonrepo, program1.py, f2e057431803c04ceb288d1cb24d0879234918ff
Sayem-Mohammad-Imtiaz/pythonrepo, program1.py, aa1c54c012f99cc994ac1e4ec58f2832b8a88cf6
Sayem-Mohammad-Imtiaz/pythonrepo, program1.py, f9a13ae4fc8aaeffc9f638ab5b12fa4032050efb
Sayem-Mohammad-Imtiaz/pythonrepo, program1.py, ab2f5b86e1f4b7d79799b0fc10eb628b2667774c
Sayem-Mohammad-Imtiaz/pythonrepo, program1.py, 2c33fbbebafe2e9a5a3c8a8f73f800274442b351
Sayem-Mohammad-Imtiaz/pythonrepo, program1.py, 26f9d95067f318890ae0069f7fa66ad913d419de
Sayem-Mohammad-Imtiaz/pythonrepo, program1.py, 926f6cc961b935e65e109fc93cbd629da15641fb
Sayem-Mohammad-Imtiaz/pythonrepo, program1.py, 633555567037356402e1164a8682e47ff95e710f
Sayem-Mohammad-Imtiaz/pythonrepo, program1.py, 00c4d86800829981c96265c174bc7c87ea2dc6c4
Sayem-Mohammad-Imtiaz/pythonrepo, program1.py, 6a631310b53f4b7c8e86402d704f8153d034d63f
Sayem-Mohammad-Imtiaz/pythonrepo, program1.py, c40f0429782c2e2d6e7da9faaf444d2d801d4766
Sayem-Mohammad-Imtiaz/pythonrepo, program1.py, 173f53cececdffa0c8edbb202b7e84cb3de8d05f
Sayem-Mohammad-Imtiaz/pythonrepo, program1.py, b3eb4fbbf565e7e84b962837f4551c360ea62c1a
Sayem-Mohammad-Imtiaz/pythonrepo, program1.py, 8a0a447e1a59f95ad9c627b263c0a726c901a05e
Sayem-Mohammad-Imtiaz/pythonrepo, program1.py, 14b62e9b744be995b841756efa02801d07c46bdf
Sayem-Mohammad-Imtiaz/pythonrepo, program1.py, 32fe2cbf00e27970c3fdc7a74d2707722912eb10
Sayem-Mohammad-Imtiaz/pythonrepo, program1.py, 9d6b54758b0479a6395b6b33641d33cbfa684f68
Sayem-Mohammad-Imtiaz/pythonrepo, program1.py, 47913929d0bcc294653d3eed039052715059f9c0
Sayem-Mohammad-Imtiaz/pythonrepo, program1.py, b184d5c52088c6d904a82351ae52f5c2ab7272d2
Sayem-Mohammad-Imtiaz/pythonrepo, program1.py, 5b578d99a8317785bccaeffd8e1807c527604c24
Sayem-Mohammad-Imtiaz/pythonrepo, program1.py, 7118cfbb623b0af9ee94190a5287a11a11a94877
Sayem-Mohammad-Imtiaz/pythonrepo, program1.py, c375b94bb1a0764c4dd0f507fb54a31b9d1527a4
Sayem-Mohammad-Imtiaz/pythonrepo, program1.py, 301d92aa225cf55376e7479c79e8c45f40823d69
Sayem-Mohammad-Imtiaz/pythonrepo, program1.py, 3a7c7978ecf2c7baf44cc7f5f100b78174347ec4
Sayem-Mohammad-Imtiaz/pythonrepo, program1.py, 72fcf0524de5771bf64866bbaf067ef23dcf772a
Sayem-Mohammad-Imtiaz/pythonrepo, program1.py, fcbe456d06bd9c99f8aea5dd993eb8ebd57cb632
Sayem-Mohammad-Imtiaz/pythonrepo, program1.py, e611acd37bd7278e15988c8cf3d1a939fe5c8473
Sayem-Mohammad-Imtiaz/pythonrepo, program1.py, f46bf482dd60a8252849569858f72af568fa1403
Sayem-Mohammad-Imtiaz/pythonrepo, program1.py, a8bce5cea1c2d02e9d9cacfc5a867ba4e8927737
Sayem-Mohammad-Imtiaz/pythonrepo, program1.py, 8d2ec9d613a220c3aa7192c9226ef4792e100448
Sayem-Mohammad-Imtiaz/pythonrepo, program1.py, e92216dd70951293f9f9b6bc03ce0c0979445a2d
Sayem-Mohammad-Imtiaz/pythonrepo, program1.py, 2e7d43c9e496b2e65aa5dfe427625797fbdd63ae
Sayem-Mohammad-Imtiaz/pythonrepo, program1.py, 27c71b5fdd0975b6ad711c28d9e87bc697567008
Sayem-Mohammad-Imtiaz/pythonrepo, program1.py, 255d3ab1383ee8c9d1c7b8cafad04921942a991f
Sayem-Mohammad-Imtiaz/pythonrepo, program1.py, 1cc25c4515bec3710a56080b2e1a8c92ccc17c58
Sayem-Mohammad-Imtiaz/pythonrepo, program1.py, 1bd580115f80148b2b37cf47e7bd7189a798917c
Sayem-Mohammad-Imtiaz/pythonrepo, program1.py, d62a204bf2c8d65c1344286edfba22fe11b1caaf
Sayem-Mohammad-Imtiaz/pythonrepo, program1.py, b2a63199a1c10fcbaaaf427575d82919963aeb10
Sayem-Mohammad-Imtiaz/pythonrepo, program1.py, baf79cd1c1ec8cda29c9c9f9caf74b818020e5dc
Sayem-Mohammad-Imtiaz/pythonrepo, program1.py, 46cf740ed349e7f2f199c1c55fb30de466531217
Sayem-Mohammad-Imtiaz/pythonrepo, program1.py, 224241c5c8e007dc86684ea37e456d2a598ca18c
Sayem-Mohammad-Imtiaz/pythonrepo, program1.py, da6bda70939a39a0b4518b9be8e77fd4722413e2
Sayem-Mohammad-Imtiaz/pythonrepo, program1.py, 2a0c7b5920f109d843ef8fd8e7d958fe198735db
Sayem-Mohammad-Imtiaz/pythonrepo, program1.py, 392ce0d8640811355d86e2964f49d3a67350dc6b
Sayem-Mohammad-Imtiaz/pythonrepo, program1.py, 2b13cfef6b4f48160569f64b3652dff9a5de3e83
Sayem-Mohammad-Imtiaz/pythonrepo, program1.py, 89a80b4b3e063a96911c7a28766244b6338ded83
Sayem-Mohammad-Imtiaz/pythonrepo, program1.py, f4d60e96c428f603176f81942695c48b2121717b
Sayem-Mohammad-Imtiaz/pythonrepo, program1.py, e830e48868f9bf7aae45ae14c615f38e4835bf27
Sayem-Mohammad-Imtiaz/pythonrepo, program1.py, b927a1f2520dcc6834097503734ce7dd52c618f9
Sayem-Mohammad-Imtiaz/pythonrepo, program1.py, 6c11020df42d624c15113881d46954c074abc241
Sayem-Mohammad-Imtiaz/pythonrepo, program1.py, fd9638442beccf43d504aa9fda47eebadad78d31
Sayem-Mohammad-Imtiaz/pythonrepo, program1.py, 4c539a7e33dc579c5c34cc5bce4aed4873662580
Sayem-Mohammad-Imtiaz/pythonrepo, program1.py, b9777d73abb2342973cd4f89353ee314162f7298
Sayem-Mohammad-Imtiaz/pythonrepo, program1.py, 7d0d997883a4098fded996c4755a0108293d2641
Sayem-Mohammad-Imtiaz/pythonrepo, program1.py, b074a632016400d2b439f6b3e2225523ff172539
Sayem-Mohammad-Imtiaz/pythonrepo, program1.py, a89a9cd50580c12ceaa97ac4bc1fc9c2dd5e5d2f
Sayem-Mohammad-Imtiaz/pythonrepo, program1.py, 02ed462e578e7d2c49c48ff42a183394275d3e6b
Sayem-Mohammad-Imtiaz/pythonrepo, program1.py, 19c7eea2a168d7a0ff82fc51f2dbf333947f5e8e
Sayem-Mohammad-Imtiaz/pythonrepo, program1.py, 7930399bfb5b8dde77755994bc5abf690edee038
Sayem-Mohammad-Imtiaz/pythonrepo, program1.py, f2fb954f043e593244681ebe55866ac3eff0546f
Sayem-Mohammad-Imtiaz/pythonrepo, program1.py, 4cf90f008a68ce75fb188897f7540cd5b5a99057
Sayem-Mohammad-Imtiaz/pythonrepo, program1.py, 07aa2615dd4b969a6960d8c5f5e13a73ec201851
Sayem-Mohammad-Imtiaz/pythonrepo, program1.py, 75241e21374f63614e24cd60c0d98d98c636fbf6
Sayem-Mohammad-Imtiaz/pythonrepo, program1.py, 27eac5cca7ce770fbb1a67d13f0f9154f1d3d33e
Sayem-Mohammad-Imtiaz/pythonrepo, program1.py, 8b9d9ad89d135187683794adb2045d93d09cc9d6
Sayem-Mohammad-Imtiaz/pythonrepo, program1.py, f078cb79918c1db19f7f05dd8886eff97fc1a0c6
Sayem-Mohammad-Imtiaz/pythonrepo, program1.py, 363b73b2a90e55705880a8ef362b3673858debb9
Sayem-Mohammad-Imtiaz/pythonrepo, program1.py, 993d60a39211d0a17ccdb5922d2f14dea31875b4
Sayem-Mohammad-Imtiaz/pythonrepo, program1.py, f3e9e48a2c553ea369cd7e955686dee37c2d3ef6
Sayem-Mohammad-Imtiaz/pythonrepo, program1.py, e6f9e92ac3e339e1c3701b71425c6f5fa7e83059
Sayem-Mohammad-Imtiaz/pythonrepo, program1.py, c66e12e34ed01e7e7ad502257086d71004ad686c
Sayem-Mohammad-Imtiaz/pythonrepo, program1.py, 7e44247e878bfdd3ec8e6c73bc3685547e6f04dd
Sayem-Mohammad-Imtiaz/pythonrepo, program1.py, 0ae3dd837314e8d1f97694bf8bf1c5bdb15b07ad
Sayem-Mohammad-Imtiaz/pythonrepo, program1.py, c7ddc55981bda0366950f8ef2f2f9484bb329088
Sayem-Mohammad-Imtiaz/pythonrepo, program1.py, ca1201974135119cfeec70ae2dcb4c515e0bd0a2
Sayem-Mohammad-Imtiaz/pythonrepo, program1.py, 242a023e2c36b875ce399ba7a1eccbb8ab30f55b
Sayem-Mohammad-Imtiaz/pythonrepo, program1.py, 42cf9f200b3b76dcfb5f788e0b35b928130aea53
Sayem-Mohammad-Imtiaz/pythonrepo, program1.py, 155c7ed613c84de5831c9930b311be5a28827551
Sayem-Mohammad-Imtiaz/pythonrepo, program1.py, abc24d44dcc4ce637186f81bb6848f9cacb27ff0
Sayem-Mohammad-Imtiaz/pythonrepo, program1.py, 200dd048a7f40ad6b869d14c28e6de3213afc8c5
Sayem-Mohammad-Imtiaz/pythonrepo, program1.py, 494ef526038ebfb4422c676d4fae55afcbe8313e
Sayem-Mohammad-Imtiaz/pythonrepo, program1.py, 77b7e357a3fc3bf4b125ba80bac915bcf002a8ce
Sayem-Mohammad-Imtiaz/pythonrepo, program1.py, 260fa8c69d2516f4c0185dd6fc1263d4afcbcc6d
Sayem-Mohammad-Imtiaz/pythonrepo, program1.py, 40cf8c0f95248d3f461ca65c2ccd08424f5fec1c
Sayem-Mohammad-Imtiaz/pythonrepo, program1.py, 837b1877fbdf8148c5fe2e679aab999f1470f646
Sayem-Mohammad-Imtiaz/pythonrepo, program1.py, 0bba4fba5de74d384f264da6648f36d962f2030c
Sayem-Mohammad-Imtiaz/pythonrepo, program1.py, e06d303a6f5c88b4de1706bddd5307391e2e6229
Sayem-Mohammad-Imtiaz/pythonrepo, program1.py, ab7ef8e4bc11aa8b156c2a14fe5a91f6405adb1e
Sayem-Mohammad-Imtiaz/pythonrepo, program1.py, b0d6803e2471a1a3603d4379cb1e59192ca39b36
Sayem-Mohammad-Imtiaz/pythonrepo, program1.py, 65f5f06ee616a77f953a038f1a6479acf57d5cde
Sayem-Mohammad-Imtiaz/pythonrepo, program1.py, 8be3d7cc06afd68d89f130b0e251e5c9064dd2a2
Sayem-Mohammad-Imtiaz/pythonrepo, program1.py, 5dbf1dd99dba0335a52c894a55cb602b34508340
Sayem-Mohammad-Imtiaz/pythonrepo, program1.py, 8afb80fff9428811cf0ed2cc5c37e1eb64bb271a
Sayem-Mohammad-Imtiaz/pythonrepo, program1.py, 0bb951358ca079c32949ce5b37ae73a2951992c8
Sayem-Mohammad-Imtiaz/pythonrepo, program1.py, 72cb6fece0699bdf0c8ce2f705197a3e80953f68
Sayem-Mohammad-Imtiaz/pythonrepo, program1.py, 83cfb04748054b18569296202cc3ef15ad6831eb
Sayem-Mohammad-Imtiaz/pythonrepo, program1.py, 069423a418647873a2bcc5f50f1a81101c7be621
Sayem-Mohammad-Imtiaz/pythonrepo, program1.py, 88486e8425f770b6929e5f74d74a99f0354cf628
Sayem-Mohammad-Imtiaz/pythonrepo, program1.py, fdbf2f8f5ac6649e11d9c46d36c57407eb8d5b11
Sayem-Mohammad-Imtiaz/pythonrepo, program1.py, f8745ac0fc220321c03f003d90cf3a94e6f5765f
Sayem-Mohammad-Imtiaz/pythonrepo, program1.py, 138088e8ed9903cf3801ef7aa031000dd30148dd
Sayem-Mohammad-Imtiaz/pythonrepo, program1.py, 7e05ec7fee85bef6fd5ba48281303c922f086a8e
Sayem-Mohammad-Imtiaz/pythonrepo, program1.py, 6a8d0aa1be84f35de7cc7b0ff4c26bdfe80339d8
Sayem-Mohammad-Imtiaz/pythonrepo, program1.py, 0b1ef19f4898b945814323d001f5abd3575a34b0
Sayem-Mohammad-Imtiaz/pythonrepo, program1.py, 104a2545b40cdc67addecb3cd3e963bad592785d
Sayem-Mohammad-Imtiaz/pythonrepo, program1.py, 27d90bca99a77a68d94cc2a88611d291f7a1e45b
Sayem-Mohammad-Imtiaz/pythonrepo, program1.py, 15f2b1e7c361f1eed620d8c9984ddc438f34cd35
Sayem-Mohammad-Imtiaz/pythonrepo, program1.py, ee464fff3612f97934337449ade572883591cbe8
Sayem-Mohammad-Imtiaz/pythonrepo, program1.py, 57b4d6c384635358523e248a2862f0498d9cff6c
Sayem-Mohammad-Imtiaz/pythonrepo, program1.py, 5fae01e19c169a36bea0cdef1957f357bfe39b2b
Sayem-Mohammad-Imtiaz/pythonrepo, program1.py, 9ae7367189599168468d39e721743aeed7795c08
Sayem-Mohammad-Imtiaz/pythonrepo, program1.py, e40abd73d68da858be6ae07aada3515a250bf73e
Sayem-Mohammad-Imtiaz/pythonrepo, program1.py, 7a77edc9a7d66e24b124bf8de5e3dc9700f09c6b
Sayem-Mohammad-Imtiaz/pythonrepo, program1.py, 97f041b80cce98dec4337374f947cbc400bda4c8
Sayem-Mohammad-Imtiaz/pythonrepo, program1.py, c86edfce9a986755d71a76e0a1f362e9e02a464d
Sayem-Mohammad-Imtiaz/pythonrepo, program1.py, 3eb5cfc3eb24957f6b1fbaa829c026931bfe300d
Sayem-Mohammad-Imtiaz/pythonrepo, program1.py, c8dfdee4d73d5c0d012f33ba1c459d2835e300f3
Sayem-Mohammad-Imtiaz/pythonrepo, program1.py, 0e697e0441547d3f12f6ad7625262966a3996bcf
Sayem-Mohammad-Imtiaz/pythonrepo, program1.py, 7b344c13a1afa5e0fbbb60c9284244d64cbb2b08
Sayem-Mohammad-Imtiaz/pythonrepo, program1.py, b911e99b963669f7dbd872bb1ffd4e805f32458b
Sayem-Mohammad-Imtiaz/pythonrepo, program1.py, 7c75fe6bd2c8af72b7bc3222adbf7663e2c41008
Sayem-Mohammad-Imtiaz/pythonrepo, program1.py, 841edbb7625df07e809454f74d069322812aeec1
Sayem-Mohammad-Imtiaz/pythonrepo, program1.py, e5fb9440f9079251f56331f84bea9be4a2b9aafe
Sayem-Mohammad-Imtiaz/pythonrepo, program1.py, 2c7ea36b87b29b9862745c4d90fff16faec28439
Sayem-Mohammad-Imtiaz/pythonrepo, program1.py, 2ee7e89987078299a0f1c47751eb0ee5e7d4b084
Sayem-Mohammad-Imtiaz/pythonrepo, program1.py, 915b188fa0ce09fc1eef0ac3d107bf54a21c07a0
Sayem-Mohammad-Imtiaz/pythonrepo, program1.py, bf87f5e8f2660a0f0f49c6ac45a797e5854001a2
Sayem-Mohammad-Imtiaz/pythonrepo, program1.py, 8da4dc13fe2cbfae8550c8a2a3ec413a72561218
Sayem-Mohammad-Imtiaz/pythonrepo, program1.py, 9be0740e1d44a528a05bb94d91e2d0a06b43ec58
Sayem-Mohammad-Imtiaz/pythonrepo, program1.py, 83d6da3eb2f518faa8573e6bcaf98c054daed34c
Sayem-Mohammad-Imtiaz/pythonrepo, program1.py, 099ae4584312c4c4b3eb0c367b8755e67cbab24c
Sayem-Mohammad-Imtiaz/pythonrepo, program1.py, f69dfd85fb1f7d64a945ccf9fd9c749e0daae10f
Sayem-Mohammad-Imtiaz/pythonrepo, program1.py, 0a1b0aab4ed6ea3678edee0274b09fe023243754
Sayem-Mohammad-Imtiaz/pythonrepo, program1.py, 7133e3559169599b30441df92323e69bd45490e0
Sayem-Mohammad-Imtiaz/pythonrepo, program1.py, 54bb592d0572c82459208a843d83f6bbb259b7ec
Sayem-Mohammad-Imtiaz/pythonrepo, program1.py, b4822dbdb40e94c80c04e896cd14190c6c4ccda9
Sayem-Mohammad-Imtiaz/pythonrepo, program1.py, 162b89babe3065c412d74737e5a101b221975fa7
Sayem-Mohammad-Imtiaz/pythonrepo, program1.py, df2cfdc36a8cd4e5fe1c4fdba740b0f6fff4f722
Sayem-Mohammad-Imtiaz/pythonrepo, program1.py, 0716649172f3c5c566979cffee9602095ecca91f
Sayem-Mohammad-Imtiaz/pythonrepo, program1.py, 19f2b56f6f3b9a8ea511df56704b7c90a6e518bc
Sayem-Mohammad-Imtiaz/pythonrepo, program1.py, 2edb5572084878b6d97ac07b27811f7cbe8228a6
Sayem-Mohammad-Imtiaz/pythonrepo, program1.py, a2f4e8f0634bdc325b298c866b8e53ada27d2cdd
Sayem-Mohammad-Imtiaz/pythonrepo, program1.py, 55ee9707529d2bb8a350eafb32aec8d50426784f
Sayem-Mohammad-Imtiaz/pythonrepo, program1.py, 54a629633accb9d399f09aefb55abd4e4678285d
Sayem-Mohammad-Imtiaz/pythonrepo, program1.py, 53b3fb9d2af898c43b5926b1d4c99e9af67f298e
Sayem-Mohammad-Imtiaz/pythonrepo, program1.py, 41681932b25e68f6152cc97052055c59d05041e4
Sayem-Mohammad-Imtiaz/pythonrepo, program1.py, 1a701b5ebea0855ca061be6844d102376ac2d94e
Sayem-Mohammad-Imtiaz/pythonrepo, program1.py, 3ce741cdfccdc0cca18ec4229a166a20054f570e
Sayem-Mohammad-Imtiaz/pythonrepo, program1.py, caf2cc267acdbd5e636987c07d843b3b921f1128
Sayem-Mohammad-Imtiaz/pythonrepo, program1.py, c8f14974757b212c0e7251bc34171dcb337ecb25
Sayem-Mohammad-Imtiaz/pythonrepo, program1.py, a44e3ef017b792eaae966c5b1d962694ea5f42f0
Sayem-Mohammad-Imtiaz/pythonrepo, program1.py, f7b5821cb7bdf05e7ded3372dd31eb28324088bb
Sayem-Mohammad-Imtiaz/pythonrepo, program1.py, 7216e8ea086742d16693829027ac5976fe787d93
Sayem-Mohammad-Imtiaz/pythonrepo, program1.py, eca9dafd1c5ea8e17ab05b0147f2349fa3cb25f2
Sayem-Mohammad-Imtiaz/pythonrepo, program1.py, d6e89105b058f535cdb1cf478a127bebcf2c0389
Sayem-Mohammad-Imtiaz/pythonrepo, program1.py, 3120e54a4a23301079f2bd044b1d945a439356fa
Sayem-Mohammad-Imtiaz/pythonrepo, program1.py, be530bfcf0fd5375b810eb1dcb5ec07e58108ec6
Sayem-Mohammad-Imtiaz/pythonrepo, program1.py, 892d9e33110d0ea6c6bac9cccae7edc5f663212a
Sayem-Mohammad-Imtiaz/pythonrepo, program1.py, 3fb29a4664ceb319bd38cc7bf5c34b6b9b40bc23
Sayem-Mohammad-Imtiaz/pythonrepo, program1.py, e34e725a50f32e8774523fc27fd8e3d1292c18a8
Sayem-Mohammad-Imtiaz/pythonrepo, program1.py, ae02c38d4a7db1dd7909a055c49afe9007795e35
Sayem-Mohammad-Imtiaz/pythonrepo, program1.py, 2cdb24b3fb4245980a336ae3a0991746518df6de
Sayem-Mohammad-Imtiaz/pythonrepo, program1.py, ddda4c361317c6e4ccc0d8ab595862fb5d959847
Sayem-Mohammad-Imtiaz/pythonrepo, program1.py, f72bf9ce7862f61406af22ab983ed3aae95dc7d0
Sayem-Mohammad-Imtiaz/pythonrepo, program1.py, 2255462b907a5adde16dad6d9c218d0e38612262
Sayem-Mohammad-Imtiaz/pythonrepo, program1.py, 7697e497b0a5569ec9d49288a829ac004a23ed8a
Sayem-Mohammad-Imtiaz/pythonrepo, program1.py, 1fa5287e574dce27b7efe5cf7aa16de2aae7d6fd
Sayem-Mohammad-Imtiaz/pythonrepo, program1.py, 2d8a304e4d7d27999194c9ed10156e643dd2c730
Sayem-Mohammad-Imtiaz/pythonrepo, program1.py, 227da2e8a278929ad419deb1148380d1b3757b32
Sayem-Mohammad-Imtiaz/pythonrepo, program1.py, 0a1c9039a88852af267fa59f186bcd38945c00a9
Sayem-Mohammad-Imtiaz/pythonrepo, program1.py, ce104b54fbd8b04242e3905f284e876c51c11b58
Sayem-Mohammad-Imtiaz/pythonrepo, program1.py, 034a83b7e735ea931a6d0044199328f4be1af711
Sayem-Mohammad-Imtiaz/pythonrepo, program1.py, 2515e28280df2df7d8564dab730507436a25fb09
Sayem-Mohammad-Imtiaz/pythonrepo, program1.py, 294df43d3b5ce8693c04fbe74d3ffb49175b323f
Sayem-Mohammad-Imtiaz/pythonrepo, program1.py, 2744aa1dd1492e3e6ded120d9e2fde1619f9b4ac
Sayem-Mohammad-Imtiaz/pythonrepo, program1.py, fe2965aae0e4c0d41738aacdee1a24a9d0bfaddf
Sayem-Mohammad-Imtiaz/pythonrepo, program1.py, 519757b8b32495ac136fc84c8519dc2f54171aba
Sayem-Mohammad-Imtiaz/pythonrepo, program1.py, 085636d31c6bcd8610b66b5506abb6e72cd39d53
Sayem-Mohammad-Imtiaz/pythonrepo, program1.py, 67b4185f13beb07433b2a1f8722e613ac5b47e60
Sayem-Mohammad-Imtiaz/pythonrepo, program1.py, 85669e31b416676b56e13b71ca919eba1d30bdc7
Sayem-Mohammad-Imtiaz/pythonrepo, program1.py, 21b6664e1a4d9ec0bc0863fb22baf2198097f20e
Sayem-Mohammad-Imtiaz/pythonrepo, program1.py, dd5c0b5cabe9180ab6d8955fb0b135ae5ca2868b
Sayem-Mohammad-Imtiaz/pythonrepo, program1.py, 5e588247583132f37d9a2efc45202e788e0fc51f
Sayem-Mohammad-Imtiaz/pythonrepo, program1.py, bd0cd46ecdd9535663eaf5cb15132c316efb0ff5
Sayem-Mohammad-Imtiaz/pythonrepo, program1.py, e1578f480b8106555420b1ce1bd436220216de20
Sayem-Mohammad-Imtiaz/pythonrepo, program1.py, 986155cd06c00d637132f859f110f56d702998c5
Sayem-Mohammad-Imtiaz/pythonrepo, program1.py, 17ae807b469dd4c5e943d35da447c8d88e7dc93e
Sayem-Mohammad-Imtiaz/pythonrepo, program1.py, 0012643aea5c460ee580f18887f77aeba7acbc7a
Sayem-Mohammad-Imtiaz/pythonrepo, program1.py, 83c0a13d4bec19c898d9327cafb17f83c2044260
Sayem-Mohammad-Imtiaz/pythonrepo, program1.py, 0dc1aba23c201e8c58bf6662c516a2383b36bb46
Sayem-Mohammad-Imtiaz/pythonrepo, program1.py, 9b2e0513245badfc629f8bb314ae9b899818bb06
Sayem-Mohammad-Imtiaz/pythonrepo, program1.py, 8ebe9331aefa8b6788f29e12e582644ee51b4a92
Sayem-Mohammad-Imtiaz/pythonrepo, program1.py, d600ebfcbe86d27d655e1ddb4dd80cb954e81129
Sayem-Mohammad-Imtiaz/pythonrepo, program1.py, 10c79419de484a9c3ffc91f33af86d076b5c2896
Sayem-Mohammad-Imtiaz/pythonrepo, program1.py, e631652aafbb5314e3d1461b56c0ac4bfb825e97
Sayem-Mohammad-Imtiaz/pythonrepo, program1.py, 4df05f8d08a5bc045eae80167941384b8fa9f0bc
Sayem-Mohammad-Imtiaz/pythonrepo, program1.py, 6ba81d9c9cfcd480bc2a043e47f0e62416a507c7
Sayem-Mohammad-Imtiaz/pythonrepo, program1.py, eb80165e444de0282861071aad99991381a5346b
Sayem-Mohammad-Imtiaz/pythonrepo, program1.py, c024517b305f219af493566cd5f4c42a176eca72
Sayem-Mohammad-Imtiaz/pythonrepo, program1.py, f47ed828fcc93c611b95383fe601e530328b2ff3
Sayem-Mohammad-Imtiaz/pythonrepo, program1.py, 1e31cbb0ce47114b7ab3272e02debaaf0ee22dc8
Sayem-Mohammad-Imtiaz/pythonrepo, program1.py, 775f496f5d7a89f6b592a205a69bd40876bd4911
Sayem-Mohammad-Imtiaz/pythonrepo, program1.py, e2eb969006e6d829be2bd211eacb092022d2e057
Sayem-Mohammad-Imtiaz/pythonrepo, program1.py, c44199dd235b14efc201db911499444175a3bcf5
Sayem-Mohammad-Imtiaz/pythonrepo, program1.py, 40c37b204e0ebff724e7dacd33c77df5d7affa74
Sayem-Mohammad-Imtiaz/pythonrepo, program1.py, 664da0c8832d9730624c717aba10c28f3e4c071a
Sayem-Mohammad-Imtiaz/pythonrepo, program1.py, fc4cbf2793685470bbc00fdd1b027e06e6e78c93
Sayem-Mohammad-Imtiaz/pythonrepo, program1.py, 1d363f5650b55e9127cf82e3456f842d78f02234
Sayem-Mohammad-Imtiaz/pythonrepo, program1.py, 933976f3b0da2cd54dea787cf348e56c56b9c67a
Sayem-Mohammad-Imtiaz/pythonrepo, program1.py, e1b40e6d1ac0b33a63596b76bf4a6035bc1993a8
Sayem-Mohammad-Imtiaz/pythonrepo, program1.py, ee9454e4f4f0e055cf4af91dde550e25036eaf66
Sayem-Mohammad-Imtiaz/pythonrepo, program1.py, 89fe3021746e57a10279c6f2fd515cb2803b8b53
Sayem-Mohammad-Imtiaz/pythonrepo, program1.py, 191a24c62ae9f96e6c6a4ab53c3f6a4d8473b74b
Sayem-Mohammad-Imtiaz/pythonrepo, program1.py, 4bd65482d501599e767a65510f9c42a9228f6ea8
Sayem-Mohammad-Imtiaz/pythonrepo, program1.py, ce5748d80586cfc773b11c2fd686c5ace4d23587
Sayem-Mohammad-Imtiaz/pythonrepo, program1.py, 8a5fae543101c8e0f72c6cc63cf1dcfca29fb1d8
Sayem-Mohammad-Imtiaz/pythonrepo, program1.py, d8e95a3163b14a3320fe4d1258fdd4a6b594ed55
Sayem-Mohammad-Imtiaz/pythonrepo, program1.py, 36c5f6bfc58b8306d34781163585c549226806bc
Sayem-Mohammad-Imtiaz/pythonrepo, program1.py, 71e28f25b6c9955826fa0edb1f3d9762fbaeea42
Sayem-Mohammad-Imtiaz/pythonrepo, program1.py, fc7dc52110ed61c6bdcb42cb768679302faf95c7
Sayem-Mohammad-Imtiaz/pythonrepo, program1.py, fcede14b1fb90e5120795fb58a66bc2d0daf5f7e
Sayem-Mohammad-Imtiaz/pythonrepo, program1.py, 345151b3d289b35d24091f0637099db8369c378a
Sayem-Mohammad-Imtiaz/pythonrepo, program1.py, f4ad48c5f74550e499311a0f23d69ad250ea1c91
Sayem-Mohammad-Imtiaz/pythonrepo, program1.py, 8e040acb17cf5711ad26db02973bb74123050e2a
Sayem-Mohammad-Imtiaz/pythonrepo, program1.py, 41f74cafbacb4ddabda022b73b32d49486304d26
Sayem-Mohammad-Imtiaz/pythonrepo, program1.py, f81a12a8fa29b45ede74cefdd0e6908ea3a1a70a
Sayem-Mohammad-Imtiaz/pythonrepo, program1.py, 7bc604d8693444ffeb0cf91bf07f6e95a42d8c18
Sayem-Mohammad-Imtiaz/pythonrepo, program1.py, 6dad1b50007b5fc2161c17f9031bdf5b73e57a45
Sayem-Mohammad-Imtiaz/pythonrepo, program1.py, 5bf3c01254d8bbc7fdd1dd6037fc2e429dbd0493
Sayem-Mohammad-Imtiaz/pythonrepo, program1.py, 343629b54bdd383def5d5e1307761cbdba1af68c
Sayem-Mohammad-Imtiaz/pythonrepo, program1.py, f8dd2935c2d4dd45d2e71fb37d0988edf9250f36
Sayem-Mohammad-Imtiaz/pythonrepo, program2.py, de86b033834118a7dcc14f0932f5e1fcf40ae58a
Sayem-Mohammad-Imtiaz/pythonrepo, program1.py, f34502f55006a130f3f4c280dbafb89e5117e197
Sayem-Mohammad-Imtiaz/pythonrepo, program1.py, 577f896413885e78227d80e74029f9051ee55791
Sayem-Mohammad-Imtiaz/pythonrepo, program1.py, 8eedd5c18c947595ecad5de29147eca9b0f0e448
Sayem-Mohammad-Imtiaz/pythonrepo, program1.py, cd9284749408e932d03be8486d5b261d8a13234d
Sayem-Mohammad-Imtiaz/pythonrepo, program1.py, 2a3dfa539e17d800a451b936891bd23a890112f1
Sayem-Mohammad-Imtiaz/pythonrepo, program1.py, f3631d8543b87c69e8c295ece2346924ce305650
Sayem-Mohammad-Imtiaz/pythonrepo, program1.py, 1a9d5a165c08879d18e974b62d9008327a9e2f43
Sayem-Mohammad-Imtiaz/pythonrepo, program1.py, c291ca1ef1f7d9f1a8b6bdf4bbb3efe30e8f554d
Sayem-Mohammad-Imtiaz/pythonrepo, program1.py, 962f2723f7399d314280ec342c203efe7a55cb3d
Sayem-Mohammad-Imtiaz/pythonrepo, program1.py, bf48a4a63893905689df28fa41d16ec7b65e7296
Sayem-Mohammad-Imtiaz/pythonrepo, program1.py, 4f370f5443ee8323f8823a6a8e0cf7d4c4e0b526
Sayem-Mohammad-Imtiaz/pythonrepo, program1.py, d3d8944f2281fc143ebaa3678d902df756c3dce1
Sayem-Mohammad-Imtiaz/pythonrepo, program1.py, 63f208cdfa23094ecb78a23cef1995d4f1bb70e7
Sayem-Mohammad-Imtiaz/pythonrepo, program1.py, a0a84156bbb51ce7e4db27aefb33ed47186ac516
Sayem-Mohammad-Imtiaz/pythonrepo, program1.py, c7e4f6bcfab6ed464b2f7a58e8c2dc229ce278d3
Sayem-Mohammad-Imtiaz/pythonrepo, program1.py, 93b7807a8c89b26addc922d52446f7f49374805f
Sayem-Mohammad-Imtiaz/pythonrepo, program1.py, f9df4820d3b0b91239c08ffa9fdbe06b6fb2b46c
Sayem-Mohammad-Imtiaz/pythonrepo, program1.py, fb183681d2fae74e68886bf222279120258efcbb
Sayem-Mohammad-Imtiaz/pythonrepo, program1.py, 9ad35b8b64777d7fc770c7201b78f4a5f5142102
Sayem-Mohammad-Imtiaz/pythonrepo, program1.py, 0616f1b2c3a71b02453b7277c575b14f24bcd62d
Sayem-Mohammad-Imtiaz/pythonrepo, program1.py, e78aaa43b4a01585ed2c6c5c58dc60c7e4bbf04e
Sayem-Mohammad-Imtiaz/pythonrepo, program1.py, 2d107b97efd5f678c141a954ebc55b519a5b239a
Sayem-Mohammad-Imtiaz/pythonrepo, program1.py, d6e58d4e5506e06400706e3fc6a8b4da7b57e100
Sayem-Mohammad-Imtiaz/pythonrepo, program1.py, ce6ba22ac91f0d63bc9a25feaada98129134adbe
Sayem-Mohammad-Imtiaz/pythonrepo, program1.py, 44bab4d620c7c0307992dbe2cce3f7b2eaabd61b
Sayem-Mohammad-Imtiaz/pythonrepo, program1.py, 32d082bd163735cccf63e0f3f85fb24f795a3d1e
Sayem-Mohammad-Imtiaz/pythonrepo, program1.py, e2eec243665b12146eba1257f458881e1507db8f
Sayem-Mohammad-Imtiaz/pythonrepo, program1.py, d1b6f481a26e2c2c24f3b5984217839d256b169d
Sayem-Mohammad-Imtiaz/pythonrepo, program1.py, 47eb8097c5629e61f0fad6b619d29bf473121563
Sayem-Mohammad-Imtiaz/pythonrepo, program1.py, 4c5a3b21a76b658773499367b2e1a5027d4903c3
Sayem-Mohammad-Imtiaz/pythonrepo, program1.py, f5bb848bb99de49cd73f07301e0fc03b091189d8
Sayem-Mohammad-Imtiaz/pythonrepo, program1.py, a8324468aa8d8324cd32153c663d2a734329c9f5
Sayem-Mohammad-Imtiaz/pythonrepo, program1.py, 07429c1aca3ca7f4461a6c7f2019195a32fab4e1
Sayem-Mohammad-Imtiaz/pythonrepo, program1.py, a4f7e4438ca6227fac4d741c1849a04f6b6463ec
Sayem-Mohammad-Imtiaz/pythonrepo, program1.py, 9084b985c2c134972d7d015eacbcdc091f03f8da
Sayem-Mohammad-Imtiaz/pythonrepo, program1.py, null
Sayem-Mohammad-Imtiaz/pythonrepo, program2.py, null
Sayem-Mohammad-Imtiaz/pythonrepo, program1.py, 4743bcb8109b53cbfb476daa96d006fc15e89877
Sayem-Mohammad-Imtiaz/pythonrepo, program1.py, fdd576c498d0927c557a5e575f1a05c1e092ee84
Sayem-Mohammad-Imtiaz/pythonrepo, program1.py, 36c94210149ca1e232ec40f211ad98d4d29c745f
Sayem-Mohammad-Imtiaz/pythonrepo, program1.py, e8dfeb859ef8087cecc249b571fc105f49e5b35a
Sayem-Mohammad-Imtiaz/pythonrepo, program1.py, f2e057431803c04ceb288d1cb24d0879234918ff
Sayem-Mohammad-Imtiaz/pythonrepo, program1.py, aa1c54c012f99cc994ac1e4ec58f2832b8a88cf6
Sayem-Mohammad-Imtiaz/pythonrepo, program1.py, f9a13ae4fc8aaeffc9f638ab5b12fa4032050efb
Sayem-Mohammad-Imtiaz/pythonrepo, program1.py, ab2f5b86e1f4b7d79799b0fc10eb628b2667774c
Sayem-Mohammad-Imtiaz/pythonrepo, program1.py, 2c33fbbebafe2e9a5a3c8a8f73f800274442b351
Sayem-Mohammad-Imtiaz/pythonrepo, program1.py, 26f9d95067f318890ae0069f7fa66ad913d419de
Sayem-Mohammad-Imtiaz/pythonrepo, program1.py, 926f6cc961b935e65e109fc93cbd629da15641fb
Sayem-Mohammad-Imtiaz/pythonrepo, program1.py, 633555567037356402e1164a8682e47ff95e710f
Sayem-Mohammad-Imtiaz/pythonrepo, program1.py, 00c4d86800829981c96265c174bc7c87ea2dc6c4
Sayem-Mohammad-Imtiaz/pythonrepo, program1.py, 6a631310b53f4b7c8e86402d704f8153d034d63f
Sayem-Mohammad-Imtiaz/pythonrepo, program1.py, c40f0429782c2e2d6e7da9faaf444d2d801d4766
Sayem-Mohammad-Imtiaz/pythonrepo, program1.py, 173f53cececdffa0c8edbb202b7e84cb3de8d05f
Sayem-Mohammad-Imtiaz/pythonrepo, program1.py, b3eb4fbbf565e7e84b962837f4551c360ea62c1a
Sayem-Mohammad-Imtiaz/pythonrepo, program1.py, 8a0a447e1a59f95ad9c627b263c0a726c901a05e
Sayem-Mohammad-Imtiaz/pythonrepo, program1.py, 14b62e9b744be995b841756efa02801d07c46bdf
Sayem-Mohammad-Imtiaz/pythonrepo, program1.py, 32fe2cbf00e27970c3fdc7a74d2707722912eb10
Sayem-Mohammad-Imtiaz/pythonrepo, program1.py, 9d6b54758b0479a6395b6b33641d33cbfa684f68
Sayem-Mohammad-Imtiaz/pythonrepo, program1.py, 47913929d0bcc294653d3eed039052715059f9c0
Sayem-Mohammad-Imtiaz/pythonrepo, program1.py, b184d5c52088c6d904a82351ae52f5c2ab7272d2
Sayem-Mohammad-Imtiaz/pythonrepo, program1.py, 5b578d99a8317785bccaeffd8e1807c527604c24
Sayem-Mohammad-Imtiaz/pythonrepo, program1.py, 7118cfbb623b0af9ee94190a5287a11a11a94877
Sayem-Mohammad-Imtiaz/pythonrepo, program1.py, c375b94bb1a0764c4dd0f507fb54a31b9d1527a4
Sayem-Mohammad-Imtiaz/pythonrepo, program1.py, 301d92aa225cf55376e7479c79e8c45f40823d69
Sayem-Mohammad-Imtiaz/pythonrepo, program1.py, 3a7c7978ecf2c7baf44cc7f5f100b78174347ec4
Sayem-Mohammad-Imtiaz/pythonrepo, program1.py, 72fcf0524de5771bf64866bbaf067ef23dcf772a
Sayem-Mohammad-Imtiaz/pythonrepo, program1.py, fcbe456d06bd9c99f8aea5dd993eb8ebd57cb632
Sayem-Mohammad-Imtiaz/pythonrepo, program1.py, e611acd37bd7278e15988c8cf3d1a939fe5c8473
Sayem-Mohammad-Imtiaz/pythonrepo, program1.py, f46bf482dd60a8252849569858f72af568fa1403
Sayem-Mohammad-Imtiaz/pythonrepo, program1.py, a8bce5cea1c2d02e9d9cacfc5a867ba4e8927737
Sayem-Mohammad-Imtiaz/pythonrepo, program1.py, 8d2ec9d613a220c3aa7192c9226ef4792e100448
Sayem-Mohammad-Imtiaz/pythonrepo, program1.py, e92216dd70951293f9f9b6bc03ce0c0979445a2d
Sayem-Mohammad-Imtiaz/pythonrepo, program1.py, 2e7d43c9e496b2e65aa5dfe427625797fbdd63ae
Sayem-Mohammad-Imtiaz/pythonrepo, program1.py, 27c71b5fdd0975b6ad711c28d9e87bc697567008
Sayem-Mohammad-Imtiaz/pythonrepo, program1.py, 255d3ab1383ee8c9d1c7b8cafad04921942a991f
Sayem-Mohammad-Imtiaz/pythonrepo, program1.py, 1cc25c4515bec3710a56080b2e1a8c92ccc17c58
Sayem-Mohammad-Imtiaz/pythonrepo, program1.py, 1bd580115f80148b2b37cf47e7bd7189a798917c
Sayem-Mohammad-Imtiaz/pythonrepo, program1.py, d62a204bf2c8d65c1344286edfba22fe11b1caaf
Sayem-Mohammad-Imtiaz/pythonrepo, program1.py, b2a63199a1c10fcbaaaf427575d82919963aeb10
Sayem-Mohammad-Imtiaz/pythonrepo, program1.py, baf79cd1c1ec8cda29c9c9f9caf74b818020e5dc
Sayem-Mohammad-Imtiaz/pythonrepo, program1.py, 46cf740ed349e7f2f199c1c55fb30de466531217
Sayem-Mohammad-Imtiaz/pythonrepo, program1.py, 224241c5c8e007dc86684ea37e456d2a598ca18c
Sayem-Mohammad-Imtiaz/pythonrepo, program1.py, da6bda70939a39a0b4518b9be8e77fd4722413e2
Sayem-Mohammad-Imtiaz/pythonrepo, program1.py, 2a0c7b5920f109d843ef8fd8e7d958fe198735db
Sayem-Mohammad-Imtiaz/pythonrepo, program1.py, 392ce0d8640811355d86e2964f49d3a67350dc6b
Sayem-Mohammad-Imtiaz/pythonrepo, program1.py, 2b13cfef6b4f48160569f64b3652dff9a5de3e83
Sayem-Mohammad-Imtiaz/pythonrepo, program1.py, 89a80b4b3e063a96911c7a28766244b6338ded83
Sayem-Mohammad-Imtiaz/pythonrepo, program1.py, f4d60e96c428f603176f81942695c48b2121717b
Sayem-Mohammad-Imtiaz/pythonrepo, program1.py, e830e48868f9bf7aae45ae14c615f38e4835bf27
Sayem-Mohammad-Imtiaz/pythonrepo, program1.py, b927a1f2520dcc6834097503734ce7dd52c618f9
Sayem-Mohammad-Imtiaz/pythonrepo, program1.py, 6c11020df42d624c15113881d46954c074abc241
Sayem-Mohammad-Imtiaz/pythonrepo, program1.py, fd9638442beccf43d504aa9fda47eebadad78d31
Sayem-Mohammad-Imtiaz/pythonrepo, program1.py, 4c539a7e33dc579c5c34cc5bce4aed4873662580
Sayem-Mohammad-Imtiaz/pythonrepo, program1.py, b9777d73abb2342973cd4f89353ee314162f7298
Sayem-Mohammad-Imtiaz/pythonrepo, program1.py, 7d0d997883a4098fded996c4755a0108293d2641
Sayem-Mohammad-Imtiaz/pythonrepo, program1.py, b074a632016400d2b439f6b3e2225523ff172539
Sayem-Mohammad-Imtiaz/pythonrepo, program1.py, a89a9cd50580c12ceaa97ac4bc1fc9c2dd5e5d2f
Sayem-Mohammad-Imtiaz/pythonrepo, program1.py, 02ed462e578e7d2c49c48ff42a183394275d3e6b
Sayem-Mohammad-Imtiaz/pythonrepo, program1.py, 19c7eea2a168d7a0ff82fc51f2dbf333947f5e8e
Sayem-Mohammad-Imtiaz/pythonrepo, program1.py, 7930399bfb5b8dde77755994bc5abf690edee038
Sayem-Mohammad-Imtiaz/pythonrepo, program1.py, f2fb954f043e593244681ebe55866ac3eff0546f
Sayem-Mohammad-Imtiaz/pythonrepo, program1.py, 4cf90f008a68ce75fb188897f7540cd5b5a99057
Sayem-Mohammad-Imtiaz/pythonrepo, program1.py, 07aa2615dd4b969a6960d8c5f5e13a73ec201851
Sayem-Mohammad-Imtiaz/pythonrepo, program1.py, 75241e21374f63614e24cd60c0d98d98c636fbf6
Sayem-Mohammad-Imtiaz/pythonrepo, program1.py, 27eac5cca7ce770fbb1a67d13f0f9154f1d3d33e
Sayem-Mohammad-Imtiaz/pythonrepo, program1.py, 8b9d9ad89d135187683794adb2045d93d09cc9d6
Sayem-Mohammad-Imtiaz/pythonrepo, program1.py, f078cb79918c1db19f7f05dd8886eff97fc1a0c6
Sayem-Mohammad-Imtiaz/pythonrepo, program1.py, 363b73b2a90e55705880a8ef362b3673858debb9
Sayem-Mohammad-Imtiaz/pythonrepo, program1.py, 993d60a39211d0a17ccdb5922d2f14dea31875b4
Sayem-Mohammad-Imtiaz/pythonrepo, program1.py, f3e9e48a2c553ea369cd7e955686dee37c2d3ef6
Sayem-Mohammad-Imtiaz/pythonrepo, program1.py, e6f9e92ac3e339e1c3701b71425c6f5fa7e83059
Sayem-Mohammad-Imtiaz/pythonrepo, program1.py, c66e12e34ed01e7e7ad502257086d71004ad686c
Sayem-Mohammad-Imtiaz/pythonrepo, program1.py, 7e44247e878bfdd3ec8e6c73bc3685547e6f04dd
Sayem-Mohammad-Imtiaz/pythonrepo, program1.py, 0ae3dd837314e8d1f97694bf8bf1c5bdb15b07ad
Sayem-Mohammad-Imtiaz/pythonrepo, program1.py, c7ddc55981bda0366950f8ef2f2f9484bb329088
Sayem-Mohammad-Imtiaz/pythonrepo, program1.py, ca1201974135119cfeec70ae2dcb4c515e0bd0a2
Sayem-Mohammad-Imtiaz/pythonrepo, program1.py, 242a023e2c36b875ce399ba7a1eccbb8ab30f55b
Sayem-Mohammad-Imtiaz/pythonrepo, program1.py, 42cf9f200b3b76dcfb5f788e0b35b928130aea53
Sayem-Mohammad-Imtiaz/pythonrepo, program1.py, 155c7ed613c84de5831c9930b311be5a28827551
Sayem-Mohammad-Imtiaz/pythonrepo, program1.py, abc24d44dcc4ce637186f81bb6848f9cacb27ff0
Sayem-Mohammad-Imtiaz/pythonrepo, program1.py, 200dd048a7f40ad6b869d14c28e6de3213afc8c5
Sayem-Mohammad-Imtiaz/pythonrepo, program1.py, 494ef526038ebfb4422c676d4fae55afcbe8313e
Sayem-Mohammad-Imtiaz/pythonrepo, program1.py, 77b7e357a3fc3bf4b125ba80bac915bcf002a8ce
Sayem-Mohammad-Imtiaz/pythonrepo, program1.py, 260fa8c69d2516f4c0185dd6fc1263d4afcbcc6d
Sayem-Mohammad-Imtiaz/pythonrepo, program1.py, 40cf8c0f95248d3f461ca65c2ccd08424f5fec1c
Sayem-Mohammad-Imtiaz/pythonrepo, program1.py, 837b1877fbdf8148c5fe2e679aab999f1470f646
Sayem-Mohammad-Imtiaz/pythonrepo, program1.py, 0bba4fba5de74d384f264da6648f36d962f2030c
Sayem-Mohammad-Imtiaz/pythonrepo, program1.py, e06d303a6f5c88b4de1706bddd5307391e2e6229
Sayem-Mohammad-Imtiaz/pythonrepo, program1.py, ab7ef8e4bc11aa8b156c2a14fe5a91f6405adb1e
Sayem-Mohammad-Imtiaz/pythonrepo, program1.py, b0d6803e2471a1a3603d4379cb1e59192ca39b36
Sayem-Mohammad-Imtiaz/pythonrepo, program1.py, 65f5f06ee616a77f953a038f1a6479acf57d5cde
Sayem-Mohammad-Imtiaz/pythonrepo, program1.py, 8be3d7cc06afd68d89f130b0e251e5c9064dd2a2
Sayem-Mohammad-Imtiaz/pythonrepo, program1.py, 5dbf1dd99dba0335a52c894a55cb602b34508340
Sayem-Mohammad-Imtiaz/pythonrepo, program1.py, 8afb80fff9428811cf0ed2cc5c37e1eb64bb271a
Sayem-Mohammad-Imtiaz/pythonrepo, program1.py, 0bb951358ca079c32949ce5b37ae73a2951992c8
Sayem-Mohammad-Imtiaz/pythonrepo, program1.py, 72cb6fece0699bdf0c8ce2f705197a3e80953f68
Sayem-Mohammad-Imtiaz/pythonrepo, program1.py, 83cfb04748054b18569296202cc3ef15ad6831eb
Sayem-Mohammad-Imtiaz/pythonrepo, program1.py, 069423a418647873a2bcc5f50f1a81101c7be621
Sayem-Mohammad-Imtiaz/pythonrepo, program1.py, 88486e8425f770b6929e5f74d74a99f0354cf628
Sayem-Mohammad-Imtiaz/pythonrepo, program1.py, fdbf2f8f5ac6649e11d9c46d36c57407eb8d5b11
Sayem-Mohammad-Imtiaz/pythonrepo, program1.py, f8745ac0fc220321c03f003d90cf3a94e6f5765f
Sayem-Mohammad-Imtiaz/pythonrepo, program1.py, 138088e8ed9903cf3801ef7aa031000dd30148dd
Sayem-Mohammad-Imtiaz/pythonrepo, program1.py, 7e05ec7fee85bef6fd5ba48281303c922f086a8e
Sayem-Mohammad-Imtiaz/pythonrepo, program1.py, 6a8d0aa1be84f35de7cc7b0ff4c26bdfe80339d8
Sayem-Mohammad-Imtiaz/pythonrepo, program1.py, 0b1ef19f4898b945814323d001f5abd3575a34b0
Sayem-Mohammad-Imtiaz/pythonrepo, program1.py, 104a2545b40cdc67addecb3cd3e963bad592785d
Sayem-Mohammad-Imtiaz/pythonrepo, program1.py, 27d90bca99a77a68d94cc2a88611d291f7a1e45b
Sayem-Mohammad-Imtiaz/pythonrepo, program1.py, 15f2b1e7c361f1eed620d8c9984ddc438f34cd35
Sayem-Mohammad-Imtiaz/pythonrepo, program1.py, ee464fff3612f97934337449ade572883591cbe8
Sayem-Mohammad-Imtiaz/pythonrepo, program1.py, 57b4d6c384635358523e248a2862f0498d9cff6c
Sayem-Mohammad-Imtiaz/pythonrepo, program1.py, 5fae01e19c169a36bea0cdef1957f357bfe39b2b
Sayem-Mohammad-Imtiaz/pythonrepo, program1.py, 9ae7367189599168468d39e721743aeed7795c08
Sayem-Mohammad-Imtiaz/pythonrepo, program1.py, e40abd73d68da858be6ae07aada3515a250bf73e
Sayem-Mohammad-Imtiaz/pythonrepo, program1.py, 7a77edc9a7d66e24b124bf8de5e3dc9700f09c6b
Sayem-Mohammad-Imtiaz/pythonrepo, program1.py, 97f041b80cce98dec4337374f947cbc400bda4c8
Sayem-Mohammad-Imtiaz/pythonrepo, program1.py, c86edfce9a986755d71a76e0a1f362e9e02a464d
Sayem-Mohammad-Imtiaz/pythonrepo, program1.py, 3eb5cfc3eb24957f6b1fbaa829c026931bfe300d
Sayem-Mohammad-Imtiaz/pythonrepo, program1.py, c8dfdee4d73d5c0d012f33ba1c459d2835e300f3
Sayem-Mohammad-Imtiaz/pythonrepo, program1.py, 0e697e0441547d3f12f6ad7625262966a3996bcf
Sayem-Mohammad-Imtiaz/pythonrepo, program1.py, 7b344c13a1afa5e0fbbb60c9284244d64cbb2b08
Sayem-Mohammad-Imtiaz/pythonrepo, program1.py, b911e99b963669f7dbd872bb1ffd4e805f32458b
Sayem-Mohammad-Imtiaz/pythonrepo, program1.py, 7c75fe6bd2c8af72b7bc3222adbf7663e2c41008
Sayem-Mohammad-Imtiaz/pythonrepo, program1.py, 841edbb7625df07e809454f74d069322812aeec1
Sayem-Mohammad-Imtiaz/pythonrepo, program1.py, e5fb9440f9079251f56331f84bea9be4a2b9aafe
Sayem-Mohammad-Imtiaz/pythonrepo, program1.py, 2c7ea36b87b29b9862745c4d90fff16faec28439
Sayem-Mohammad-Imtiaz/pythonrepo, program1.py, 2ee7e89987078299a0f1c47751eb0ee5e7d4b084
Sayem-Mohammad-Imtiaz/pythonrepo, program1.py, 915b188fa0ce09fc1eef0ac3d107bf54a21c07a0
Sayem-Mohammad-Imtiaz/pythonrepo, program1.py, bf87f5e8f2660a0f0f49c6ac45a797e5854001a2
Sayem-Mohammad-Imtiaz/pythonrepo, program1.py, 8da4dc13fe2cbfae8550c8a2a3ec413a72561218
Sayem-Mohammad-Imtiaz/pythonrepo, program1.py, 9be0740e1d44a528a05bb94d91e2d0a06b43ec58
Sayem-Mohammad-Imtiaz/pythonrepo, program1.py, 83d6da3eb2f518faa8573e6bcaf98c054daed34c
Sayem-Mohammad-Imtiaz/pythonrepo, program1.py, 099ae4584312c4c4b3eb0c367b8755e67cbab24c
Sayem-Mohammad-Imtiaz/pythonrepo, program1.py, f69dfd85fb1f7d64a945ccf9fd9c749e0daae10f
Sayem-Mohammad-Imtiaz/pythonrepo, program1.py, 0a1b0aab4ed6ea3678edee0274b09fe023243754
Sayem-Mohammad-Imtiaz/pythonrepo, program1.py, 7133e3559169599b30441df92323e69bd45490e0
Sayem-Mohammad-Imtiaz/pythonrepo, program1.py, 54bb592d0572c82459208a843d83f6bbb259b7ec
Sayem-Mohammad-Imtiaz/pythonrepo, program1.py, b4822dbdb40e94c80c04e896cd14190c6c4ccda9
Sayem-Mohammad-Imtiaz/pythonrepo, program1.py, 162b89babe3065c412d74737e5a101b221975fa7
Sayem-Mohammad-Imtiaz/pythonrepo, program1.py, df2cfdc36a8cd4e5fe1c4fdba740b0f6fff4f722
Sayem-Mohammad-Imtiaz/pythonrepo, program1.py, 0716649172f3c5c566979cffee9602095ecca91f
Sayem-Mohammad-Imtiaz/pythonrepo, program1.py, 19f2b56f6f3b9a8ea511df56704b7c90a6e518bc
Sayem-Mohammad-Imtiaz/pythonrepo, program1.py, 2edb5572084878b6d97ac07b27811f7cbe8228a6
Sayem-Mohammad-Imtiaz/pythonrepo, program1.py, a2f4e8f0634bdc325b298c866b8e53ada27d2cdd
Sayem-Mohammad-Imtiaz/pythonrepo, program1.py, 55ee9707529d2bb8a350eafb32aec8d50426784f
Sayem-Mohammad-Imtiaz/pythonrepo, program1.py, 54a629633accb9d399f09aefb55abd4e4678285d
Sayem-Mohammad-Imtiaz/pythonrepo, program1.py, 53b3fb9d2af898c43b5926b1d4c99e9af67f298e
Sayem-Mohammad-Imtiaz/pythonrepo, program1.py, 41681932b25e68f6152cc97052055c59d05041e4
Sayem-Mohammad-Imtiaz/pythonrepo, program1.py, 1a701b5ebea0855ca061be6844d102376ac2d94e
Sayem-Mohammad-Imtiaz/pythonrepo, program1.py, 3ce741cdfccdc0cca18ec4229a166a20054f570e
Sayem-Mohammad-Imtiaz/pythonrepo, program1.py, caf2cc267acdbd5e636987c07d843b3b921f1128
Sayem-Mohammad-Imtiaz/pythonrepo, program1.py, c8f14974757b212c0e7251bc34171dcb337ecb25
Sayem-Mohammad-Imtiaz/pythonrepo, program1.py, a44e3ef017b792eaae966c5b1d962694ea5f42f0
Sayem-Mohammad-Imtiaz/pythonrepo, program1.py, f7b5821cb7bdf05e7ded3372dd31eb28324088bb
Sayem-Mohammad-Imtiaz/pythonrepo, program1.py, 7216e8ea086742d16693829027ac5976fe787d93
Sayem-Mohammad-Imtiaz/pythonrepo, program1.py, eca9dafd1c5ea8e17ab05b0147f2349fa3cb25f2
Sayem-Mohammad-Imtiaz/pythonrepo, program1.py, d6e89105b058f535cdb1cf478a127bebcf2c0389
Sayem-Mohammad-Imtiaz/pythonrepo, program1.py, 3120e54a4a23301079f2bd044b1d945a439356fa
Sayem-Mohammad-Imtiaz/pythonrepo, program1.py, be530bfcf0fd5375b810eb1dcb5ec07e58108ec6
Sayem-Mohammad-Imtiaz/pythonrepo, program1.py, 892d9e33110d0ea6c6bac9cccae7edc5f663212a
Sayem-Mohammad-Imtiaz/pythonrepo, program1.py, 3fb29a4664ceb319bd38cc7bf5c34b6b9b40bc23
Sayem-Mohammad-Imtiaz/pythonrepo, program1.py, e34e725a50f32e8774523fc27fd8e3d1292c18a8
Sayem-Mohammad-Imtiaz/pythonrepo, program1.py, ae02c38d4a7db1dd7909a055c49afe9007795e35
Sayem-Mohammad-Imtiaz/pythonrepo, program1.py, 2cdb24b3fb4245980a336ae3a0991746518df6de
Sayem-Mohammad-Imtiaz/pythonrepo, program1.py, ddda4c361317c6e4ccc0d8ab595862fb5d959847
Sayem-Mohammad-Imtiaz/pythonrepo, program1.py, f72bf9ce7862f61406af22ab983ed3aae95dc7d0
Sayem-Mohammad-Imtiaz/pythonrepo, program1.py, 2255462b907a5adde16dad6d9c218d0e38612262
Sayem-Mohammad-Imtiaz/pythonrepo, program1.py, 7697e497b0a5569ec9d49288a829ac004a23ed8a
Sayem-Mohammad-Imtiaz/pythonrepo, program1.py, 1fa5287e574dce27b7efe5cf7aa16de2aae7d6fd
Sayem-Mohammad-Imtiaz/pythonrepo, program1.py, 2d8a304e4d7d27999194c9ed10156e643dd2c730
Sayem-Mohammad-Imtiaz/pythonrepo, program1.py, 227da2e8a278929ad419deb1148380d1b3757b32
Sayem-Mohammad-Imtiaz/pythonrepo, program1.py, 0a1c9039a88852af267fa59f186bcd38945c00a9
Sayem-Mohammad-Imtiaz/pythonrepo, program1.py, ce104b54fbd8b04242e3905f284e876c51c11b58
Sayem-Mohammad-Imtiaz/pythonrepo, program1.py, 034a83b7e735ea931a6d0044199328f4be1af711
Sayem-Mohammad-Imtiaz/pythonrepo, program1.py, 2515e28280df2df7d8564dab730507436a25fb09
Sayem-Mohammad-Imtiaz/pythonrepo, program1.py, 294df43d3b5ce8693c04fbe74d3ffb49175b323f
Sayem-Mohammad-Imtiaz/pythonrepo, program1.py, 2744aa1dd1492e3e6ded120d9e2fde1619f9b4ac
Sayem-Mohammad-Imtiaz/pythonrepo, program1.py, fe2965aae0e4c0d41738aacdee1a24a9d0bfaddf
Sayem-Mohammad-Imtiaz/pythonrepo, program1.py, 519757b8b32495ac136fc84c8519dc2f54171aba
Sayem-Mohammad-Imtiaz/pythonrepo, program1.py, 085636d31c6bcd8610b66b5506abb6e72cd39d53
Sayem-Mohammad-Imtiaz/pythonrepo, program1.py, 67b4185f13beb07433b2a1f8722e613ac5b47e60
Sayem-Mohammad-Imtiaz/pythonrepo, program1.py, 85669e31b416676b56e13b71ca919eba1d30bdc7
Sayem-Mohammad-Imtiaz/pythonrepo, program1.py, 21b6664e1a4d9ec0bc0863fb22baf2198097f20e
Sayem-Mohammad-Imtiaz/pythonrepo, program1.py, dd5c0b5cabe9180ab6d8955fb0b135ae5ca2868b
Sayem-Mohammad-Imtiaz/pythonrepo, program1.py, 5e588247583132f37d9a2efc45202e788e0fc51f
Sayem-Mohammad-Imtiaz/pythonrepo, program1.py, bd0cd46ecdd9535663eaf5cb15132c316efb0ff5
Sayem-Mohammad-Imtiaz/pythonrepo, program1.py, e1578f480b8106555420b1ce1bd436220216de20
Sayem-Mohammad-Imtiaz/pythonrepo, program1.py, 986155cd06c00d637132f859f110f56d702998c5
Sayem-Mohammad-Imtiaz/pythonrepo, program1.py, 17ae807b469dd4c5e943d35da447c8d88e7dc93e
Sayem-Mohammad-Imtiaz/pythonrepo, program1.py, 0012643aea5c460ee580f18887f77aeba7acbc7a
Sayem-Mohammad-Imtiaz/pythonrepo, program1.py, 83c0a13d4bec19c898d9327cafb17f83c2044260
Sayem-Mohammad-Imtiaz/pythonrepo, program1.py, 0dc1aba23c201e8c58bf6662c516a2383b36bb46
Sayem-Mohammad-Imtiaz/pythonrepo, program1.py, 9b2e0513245badfc629f8bb314ae9b899818bb06
Sayem-Mohammad-Imtiaz/pythonrepo, program1.py, 8ebe9331aefa8b6788f29e12e582644ee51b4a92
Sayem-Mohammad-Imtiaz/pythonrepo, program1.py, d600ebfcbe86d27d655e1ddb4dd80cb954e81129
Sayem-Mohammad-Imtiaz/pythonrepo, program1.py, 10c79419de484a9c3ffc91f33af86d076b5c2896
Sayem-Mohammad-Imtiaz/pythonrepo, program1.py, e631652aafbb5314e3d1461b56c0ac4bfb825e97
Sayem-Mohammad-Imtiaz/pythonrepo, program1.py, 4df05f8d08a5bc045eae80167941384b8fa9f0bc
Sayem-Mohammad-Imtiaz/pythonrepo, program1.py, 6ba81d9c9cfcd480bc2a043e47f0e62416a507c7
Sayem-Mohammad-Imtiaz/pythonrepo, program1.py, eb80165e444de0282861071aad99991381a5346b
Sayem-Mohammad-Imtiaz/pythonrepo, program1.py, c024517b305f219af493566cd5f4c42a176eca72
Sayem-Mohammad-Imtiaz/pythonrepo, program1.py, f47ed828fcc93c611b95383fe601e530328b2ff3
Sayem-Mohammad-Imtiaz/pythonrepo, program1.py, 1e31cbb0ce47114b7ab3272e02debaaf0ee22dc8
Sayem-Mohammad-Imtiaz/pythonrepo, program1.py, 775f496f5d7a89f6b592a205a69bd40876bd4911
Sayem-Mohammad-Imtiaz/pythonrepo, program1.py, e2eb969006e6d829be2bd211eacb092022d2e057
Sayem-Mohammad-Imtiaz/pythonrepo, program1.py, c44199dd235b14efc201db911499444175a3bcf5
Sayem-Mohammad-Imtiaz/pythonrepo, program1.py, 40c37b204e0ebff724e7dacd33c77df5d7affa74
Sayem-Mohammad-Imtiaz/pythonrepo, program1.py, 664da0c8832d9730624c717aba10c28f3e4c071a
Sayem-Mohammad-Imtiaz/pythonrepo, program1.py, fc4cbf2793685470bbc00fdd1b027e06e6e78c93
Sayem-Mohammad-Imtiaz/pythonrepo, program1.py, 1d363f5650b55e9127cf82e3456f842d78f02234
Sayem-Mohammad-Imtiaz/pythonrepo, program1.py, 933976f3b0da2cd54dea787cf348e56c56b9c67a
Sayem-Mohammad-Imtiaz/pythonrepo, program1.py, e1b40e6d1ac0b33a63596b76bf4a6035bc1993a8
Sayem-Mohammad-Imtiaz/pythonrepo, program1.py, ee9454e4f4f0e055cf4af91dde550e25036eaf66
Sayem-Mohammad-Imtiaz/pythonrepo, program1.py, 89fe3021746e57a10279c6f2fd515cb2803b8b53
Sayem-Mohammad-Imtiaz/pythonrepo, program1.py, 191a24c62ae9f96e6c6a4ab53c3f6a4d8473b74b
Sayem-Mohammad-Imtiaz/pythonrepo, program1.py, 4bd65482d501599e767a65510f9c42a9228f6ea8
Sayem-Mohammad-Imtiaz/pythonrepo, program1.py, ce5748d80586cfc773b11c2fd686c5ace4d23587
Sayem-Mohammad-Imtiaz/pythonrepo, program1.py, 8a5fae543101c8e0f72c6cc63cf1dcfca29fb1d8
Sayem-Mohammad-Imtiaz/pythonrepo, program1.py, d8e95a3163b14a3320fe4d1258fdd4a6b594ed55
Sayem-Mohammad-Imtiaz/pythonrepo, program1.py, 36c5f6bfc58b8306d34781163585c549226806bc
Sayem-Mohammad-Imtiaz/pythonrepo, program1.py, 71e28f25b6c9955826fa0edb1f3d9762fbaeea42
Sayem-Mohammad-Imtiaz/pythonrepo, program1.py, fc7dc52110ed61c6bdcb42cb768679302faf95c7
Sayem-Mohammad-Imtiaz/pythonrepo, program1.py, fcede14b1fb90e5120795fb58a66bc2d0daf5f7e
Sayem-Mohammad-Imtiaz/pythonrepo, program1.py, 345151b3d289b35d24091f0637099db8369c378a
Sayem-Mohammad-Imtiaz/pythonrepo, program1.py, f4ad48c5f74550e499311a0f23d69ad250ea1c91
Sayem-Mohammad-Imtiaz/pythonrepo, program1.py, 8e040acb17cf5711ad26db02973bb74123050e2a
Sayem-Mohammad-Imtiaz/pythonrepo, program1.py, 41f74cafbacb4ddabda022b73b32d49486304d26
Sayem-Mohammad-Imtiaz/pythonrepo, program1.py, f81a12a8fa29b45ede74cefdd0e6908ea3a1a70a
Sayem-Mohammad-Imtiaz/pythonrepo, program1.py, 7bc604d8693444ffeb0cf91bf07f6e95a42d8c18
Sayem-Mohammad-Imtiaz/pythonrepo, program1.py, 6dad1b50007b5fc2161c17f9031bdf5b73e57a45
Sayem-Mohammad-Imtiaz/pythonrepo, program1.py, 5bf3c01254d8bbc7fdd1dd6037fc2e429dbd0493
Sayem-Mohammad-Imtiaz/pythonrepo, program1.py, 343629b54bdd383def5d5e1307761cbdba1af68c
Sayem-Mohammad-Imtiaz/pythonrepo, program1.py, f8dd2935c2d4dd45d2e71fb37d0988edf9250f36
Sayem-Mohammad-Imtiaz/pythonrepo, program2.py, de86b033834118a7dcc14f0932f5e1fcf40ae58a
Sayem-Mohammad-Imtiaz/pythonrepo, program1.py, f34502f55006a130f3f4c280dbafb89e5117e197
Sayem-Mohammad-Imtiaz/pythonrepo, program1.py, 577f896413885e78227d80e74029f9051ee55791
Sayem-Mohammad-Imtiaz/pythonrepo, program1.py, 8eedd5c18c947595ecad5de29147eca9b0f0e448
Sayem-Mohammad-Imtiaz/pythonrepo, program1.py, cd9284749408e932d03be8486d5b261d8a13234d
Sayem-Mohammad-Imtiaz/pythonrepo, program1.py, 2a3dfa539e17d800a451b936891bd23a890112f1
Sayem-Mohammad-Imtiaz/pythonrepo, program1.py, f3631d8543b87c69e8c295ece2346924ce305650
Sayem-Mohammad-Imtiaz/pythonrepo, program1.py, 1a9d5a165c08879d18e974b62d9008327a9e2f43
Sayem-Mohammad-Imtiaz/pythonrepo, program1.py, c291ca1ef1f7d9f1a8b6bdf4bbb3efe30e8f554d
Sayem-Mohammad-Imtiaz/pythonrepo, program1.py, 962f2723f7399d314280ec342c203efe7a55cb3d
Sayem-Mohammad-Imtiaz/pythonrepo, program1.py, bf48a4a63893905689df28fa41d16ec7b65e7296
Sayem-Mohammad-Imtiaz/pythonrepo, program1.py, 4f370f5443ee8323f8823a6a8e0cf7d4c4e0b526
Sayem-Mohammad-Imtiaz/pythonrepo, program1.py, d3d8944f2281fc143ebaa3678d902df756c3dce1
Sayem-Mohammad-Imtiaz/pythonrepo, program1.py, 63f208cdfa23094ecb78a23cef1995d4f1bb70e7
Sayem-Mohammad-Imtiaz/pythonrepo, program1.py, a0a84156bbb51ce7e4db27aefb33ed47186ac516
Sayem-Mohammad-Imtiaz/pythonrepo, program1.py, c7e4f6bcfab6ed464b2f7a58e8c2dc229ce278d3
Sayem-Mohammad-Imtiaz/pythonrepo, program1.py, 93b7807a8c89b26addc922d52446f7f49374805f
Sayem-Mohammad-Imtiaz/pythonrepo, program1.py, f9df4820d3b0b91239c08ffa9fdbe06b6fb2b46c
Sayem-Mohammad-Imtiaz/pythonrepo, program1.py, fb183681d2fae74e68886bf222279120258efcbb
Sayem-Mohammad-Imtiaz/pythonrepo, program1.py, 9ad35b8b64777d7fc770c7201b78f4a5f5142102
Sayem-Mohammad-Imtiaz/pythonrepo, program1.py, 0616f1b2c3a71b02453b7277c575b14f24bcd62d
Sayem-Mohammad-Imtiaz/pythonrepo, program1.py, e78aaa43b4a01585ed2c6c5c58dc60c7e4bbf04e
Sayem-Mohammad-Imtiaz/pythonrepo, program1.py, 2d107b97efd5f678c141a954ebc55b519a5b239a
Sayem-Mohammad-Imtiaz/pythonrepo, program1.py, d6e58d4e5506e06400706e3fc6a8b4da7b57e100
Sayem-Mohammad-Imtiaz/pythonrepo, program1.py, ce6ba22ac91f0d63bc9a25feaada98129134adbe
Sayem-Mohammad-Imtiaz/pythonrepo, program1.py, 44bab4d620c7c0307992dbe2cce3f7b2eaabd61b
Sayem-Mohammad-Imtiaz/pythonrepo, program1.py, 32d082bd163735cccf63e0f3f85fb24f795a3d1e
Sayem-Mohammad-Imtiaz/pythonrepo, program1.py, e2eec243665b12146eba1257f458881e1507db8f
Sayem-Mohammad-Imtiaz/pythonrepo, program1.py, d1b6f481a26e2c2c24f3b5984217839d256b169d
Sayem-Mohammad-Imtiaz/pythonrepo, program1.py, 47eb8097c5629e61f0fad6b619d29bf473121563
Sayem-Mohammad-Imtiaz/pythonrepo, program1.py, 4c5a3b21a76b658773499367b2e1a5027d4903c3
Sayem-Mohammad-Imtiaz/pythonrepo, program1.py, f5bb848bb99de49cd73f07301e0fc03b091189d8
Sayem-Mohammad-Imtiaz/pythonrepo, program1.py, a8324468aa8d8324cd32153c663d2a734329c9f5
Sayem-Mohammad-Imtiaz/pythonrepo, program1.py, 07429c1aca3ca7f4461a6c7f2019195a32fab4e1
Sayem-Mohammad-Imtiaz/pythonrepo, program1.py, a4f7e4438ca6227fac4d741c1849a04f6b6463ec
Sayem-Mohammad-Imtiaz/pythonrepo, program1.py, 9084b985c2c134972d7d015eacbcdc091f03f8da
Sayem-Mohammad-Imtiaz/pythonrepo, program1.py, e940940342a1b463f4e85397c739a18bc52756f8
Sayem-Mohammad-Imtiaz/pythonrepo, program1.py, null
Sayem-Mohammad-Imtiaz/pythonrepo, program2.py, null
Sayem-Mohammad-Imtiaz/pythonrepo, program1.py, 4743bcb8109b53cbfb476daa96d006fc15e89877
Sayem-Mohammad-Imtiaz/pythonrepo, program1.py, fdd576c498d0927c557a5e575f1a05c1e092ee84
Sayem-Mohammad-Imtiaz/pythonrepo, program1.py, 36c94210149ca1e232ec40f211ad98d4d29c745f
Sayem-Mohammad-Imtiaz/pythonrepo, program1.py, e8dfeb859ef8087cecc249b571fc105f49e5b35a
Sayem-Mohammad-Imtiaz/pythonrepo, program1.py, f2e057431803c04ceb288d1cb24d0879234918ff
Sayem-Mohammad-Imtiaz/pythonrepo, program1.py, aa1c54c012f99cc994ac1e4ec58f2832b8a88cf6
Sayem-Mohammad-Imtiaz/pythonrepo, program1.py, f9a13ae4fc8aaeffc9f638ab5b12fa4032050efb
Sayem-Mohammad-Imtiaz/pythonrepo, program1.py, ab2f5b86e1f4b7d79799b0fc10eb628b2667774c
Sayem-Mohammad-Imtiaz/pythonrepo, program1.py, 2c33fbbebafe2e9a5a3c8a8f73f800274442b351
Sayem-Mohammad-Imtiaz/pythonrepo, program1.py, 26f9d95067f318890ae0069f7fa66ad913d419de
Sayem-Mohammad-Imtiaz/pythonrepo, program1.py, 926f6cc961b935e65e109fc93cbd629da15641fb
Sayem-Mohammad-Imtiaz/pythonrepo, program1.py, 633555567037356402e1164a8682e47ff95e710f
Sayem-Mohammad-Imtiaz/pythonrepo, program1.py, 00c4d86800829981c96265c174bc7c87ea2dc6c4
Sayem-Mohammad-Imtiaz/pythonrepo, program1.py, 6a631310b53f4b7c8e86402d704f8153d034d63f
Sayem-Mohammad-Imtiaz/pythonrepo, program1.py, c40f0429782c2e2d6e7da9faaf444d2d801d4766
Sayem-Mohammad-Imtiaz/pythonrepo, program1.py, 173f53cececdffa0c8edbb202b7e84cb3de8d05f
Sayem-Mohammad-Imtiaz/pythonrepo, program1.py, b3eb4fbbf565e7e84b962837f4551c360ea62c1a
Sayem-Mohammad-Imtiaz/pythonrepo, program1.py, 8a0a447e1a59f95ad9c627b263c0a726c901a05e
Sayem-Mohammad-Imtiaz/pythonrepo, program1.py, 14b62e9b744be995b841756efa02801d07c46bdf
Sayem-Mohammad-Imtiaz/pythonrepo, program1.py, 32fe2cbf00e27970c3fdc7a74d2707722912eb10
Sayem-Mohammad-Imtiaz/pythonrepo, program1.py, 9d6b54758b0479a6395b6b33641d33cbfa684f68
Sayem-Mohammad-Imtiaz/pythonrepo, program1.py, 47913929d0bcc294653d3eed039052715059f9c0
Sayem-Mohammad-Imtiaz/pythonrepo, program1.py, b184d5c52088c6d904a82351ae52f5c2ab7272d2
Sayem-Mohammad-Imtiaz/pythonrepo, program1.py, 5b578d99a8317785bccaeffd8e1807c527604c24
Sayem-Mohammad-Imtiaz/pythonrepo, program1.py, 7118cfbb623b0af9ee94190a5287a11a11a94877
Sayem-Mohammad-Imtiaz/pythonrepo, program1.py, c375b94bb1a0764c4dd0f507fb54a31b9d1527a4
Sayem-Mohammad-Imtiaz/pythonrepo, program1.py, 301d92aa225cf55376e7479c79e8c45f40823d69
Sayem-Mohammad-Imtiaz/pythonrepo, program1.py, 3a7c7978ecf2c7baf44cc7f5f100b78174347ec4
Sayem-Mohammad-Imtiaz/pythonrepo, program1.py, 72fcf0524de5771bf64866bbaf067ef23dcf772a
Sayem-Mohammad-Imtiaz/pythonrepo, program1.py, fcbe456d06bd9c99f8aea5dd993eb8ebd57cb632
Sayem-Mohammad-Imtiaz/pythonrepo, program1.py, e611acd37bd7278e15988c8cf3d1a939fe5c8473
Sayem-Mohammad-Imtiaz/pythonrepo, program1.py, f46bf482dd60a8252849569858f72af568fa1403
Sayem-Mohammad-Imtiaz/pythonrepo, program1.py, a8bce5cea1c2d02e9d9cacfc5a867ba4e8927737
Sayem-Mohammad-Imtiaz/pythonrepo, program1.py, 8d2ec9d613a220c3aa7192c9226ef4792e100448
Sayem-Mohammad-Imtiaz/pythonrepo, program1.py, e92216dd70951293f9f9b6bc03ce0c0979445a2d
Sayem-Mohammad-Imtiaz/pythonrepo, program1.py, 2e7d43c9e496b2e65aa5dfe427625797fbdd63ae
Sayem-Mohammad-Imtiaz/pythonrepo, program1.py, 27c71b5fdd0975b6ad711c28d9e87bc697567008
Sayem-Mohammad-Imtiaz/pythonrepo, program1.py, 255d3ab1383ee8c9d1c7b8cafad04921942a991f
Sayem-Mohammad-Imtiaz/pythonrepo, program1.py, 1cc25c4515bec3710a56080b2e1a8c92ccc17c58
Sayem-Mohammad-Imtiaz/pythonrepo, program1.py, 1bd580115f80148b2b37cf47e7bd7189a798917c
Sayem-Mohammad-Imtiaz/pythonrepo, program1.py, d62a204bf2c8d65c1344286edfba22fe11b1caaf
Sayem-Mohammad-Imtiaz/pythonrepo, program1.py, b2a63199a1c10fcbaaaf427575d82919963aeb10
Sayem-Mohammad-Imtiaz/pythonrepo, program1.py, baf79cd1c1ec8cda29c9c9f9caf74b818020e5dc
Sayem-Mohammad-Imtiaz/pythonrepo, program1.py, 46cf740ed349e7f2f199c1c55fb30de466531217
Sayem-Mohammad-Imtiaz/pythonrepo, program1.py, 224241c5c8e007dc86684ea37e456d2a598ca18c
Sayem-Mohammad-Imtiaz/pythonrepo, program1.py, da6bda70939a39a0b4518b9be8e77fd4722413e2
Sayem-Mohammad-Imtiaz/pythonrepo, program1.py, 2a0c7b5920f109d843ef8fd8e7d958fe198735db
Sayem-Mohammad-Imtiaz/pythonrepo, program1.py, 392ce0d8640811355d86e2964f49d3a67350dc6b
Sayem-Mohammad-Imtiaz/pythonrepo, program1.py, 2b13cfef6b4f48160569f64b3652dff9a5de3e83
Sayem-Mohammad-Imtiaz/pythonrepo, program1.py, 89a80b4b3e063a96911c7a28766244b6338ded83
Sayem-Mohammad-Imtiaz/pythonrepo, program1.py, f4d60e96c428f603176f81942695c48b2121717b
Sayem-Mohammad-Imtiaz/pythonrepo, program1.py, e830e48868f9bf7aae45ae14c615f38e4835bf27
Sayem-Mohammad-Imtiaz/pythonrepo, program1.py, b927a1f2520dcc6834097503734ce7dd52c618f9
Sayem-Mohammad-Imtiaz/pythonrepo, program1.py, 6c11020df42d624c15113881d46954c074abc241
Sayem-Mohammad-Imtiaz/pythonrepo, program1.py, fd9638442beccf43d504aa9fda47eebadad78d31
Sayem-Mohammad-Imtiaz/pythonrepo, program1.py, 4c539a7e33dc579c5c34cc5bce4aed4873662580
Sayem-Mohammad-Imtiaz/pythonrepo, program1.py, b9777d73abb2342973cd4f89353ee314162f7298
Sayem-Mohammad-Imtiaz/pythonrepo, program1.py, 7d0d997883a4098fded996c4755a0108293d2641
Sayem-Mohammad-Imtiaz/pythonrepo, program1.py, b074a632016400d2b439f6b3e2225523ff172539
Sayem-Mohammad-Imtiaz/pythonrepo, program1.py, a89a9cd50580c12ceaa97ac4bc1fc9c2dd5e5d2f
Sayem-Mohammad-Imtiaz/pythonrepo, program1.py, 02ed462e578e7d2c49c48ff42a183394275d3e6b
Sayem-Mohammad-Imtiaz/pythonrepo, program1.py, 19c7eea2a168d7a0ff82fc51f2dbf333947f5e8e
Sayem-Mohammad-Imtiaz/pythonrepo, program1.py, 7930399bfb5b8dde77755994bc5abf690edee038
Sayem-Mohammad-Imtiaz/pythonrepo, program1.py, f2fb954f043e593244681ebe55866ac3eff0546f
Sayem-Mohammad-Imtiaz/pythonrepo, program1.py, 4cf90f008a68ce75fb188897f7540cd5b5a99057
Sayem-Mohammad-Imtiaz/pythonrepo, program1.py, 07aa2615dd4b969a6960d8c5f5e13a73ec201851
Sayem-Mohammad-Imtiaz/pythonrepo, program1.py, 75241e21374f63614e24cd60c0d98d98c636fbf6
Sayem-Mohammad-Imtiaz/pythonrepo, program1.py, 27eac5cca7ce770fbb1a67d13f0f9154f1d3d33e
Sayem-Mohammad-Imtiaz/pythonrepo, program1.py, 8b9d9ad89d135187683794adb2045d93d09cc9d6
Sayem-Mohammad-Imtiaz/pythonrepo, program1.py, f078cb79918c1db19f7f05dd8886eff97fc1a0c6
Sayem-Mohammad-Imtiaz/pythonrepo, program1.py, 363b73b2a90e55705880a8ef362b3673858debb9
Sayem-Mohammad-Imtiaz/pythonrepo, program1.py, 993d60a39211d0a17ccdb5922d2f14dea31875b4
Sayem-Mohammad-Imtiaz/pythonrepo, program1.py, f3e9e48a2c553ea369cd7e955686dee37c2d3ef6
Sayem-Mohammad-Imtiaz/pythonrepo, program1.py, e6f9e92ac3e339e1c3701b71425c6f5fa7e83059
Sayem-Mohammad-Imtiaz/pythonrepo, program1.py, c66e12e34ed01e7e7ad502257086d71004ad686c
Sayem-Mohammad-Imtiaz/pythonrepo, program1.py, 7e44247e878bfdd3ec8e6c73bc3685547e6f04dd
Sayem-Mohammad-Imtiaz/pythonrepo, program1.py, 0ae3dd837314e8d1f97694bf8bf1c5bdb15b07ad
Sayem-Mohammad-Imtiaz/pythonrepo, program1.py, c7ddc55981bda0366950f8ef2f2f9484bb329088
Sayem-Mohammad-Imtiaz/pythonrepo, program1.py, ca1201974135119cfeec70ae2dcb4c515e0bd0a2
Sayem-Mohammad-Imtiaz/pythonrepo, program1.py, 242a023e2c36b875ce399ba7a1eccbb8ab30f55b
Sayem-Mohammad-Imtiaz/pythonrepo, program1.py, 42cf9f200b3b76dcfb5f788e0b35b928130aea53
Sayem-Mohammad-Imtiaz/pythonrepo, program1.py, 155c7ed613c84de5831c9930b311be5a28827551
Sayem-Mohammad-Imtiaz/pythonrepo, program1.py, abc24d44dcc4ce637186f81bb6848f9cacb27ff0
Sayem-Mohammad-Imtiaz/pythonrepo, program1.py, 200dd048a7f40ad6b869d14c28e6de3213afc8c5
Sayem-Mohammad-Imtiaz/pythonrepo, program1.py, 494ef526038ebfb4422c676d4fae55afcbe8313e
Sayem-Mohammad-Imtiaz/pythonrepo, program1.py, 77b7e357a3fc3bf4b125ba80bac915bcf002a8ce
Sayem-Mohammad-Imtiaz/pythonrepo, program1.py, 260fa8c69d2516f4c0185dd6fc1263d4afcbcc6d
Sayem-Mohammad-Imtiaz/pythonrepo, program1.py, 40cf8c0f95248d3f461ca65c2ccd08424f5fec1c
Sayem-Mohammad-Imtiaz/pythonrepo, program1.py, 837b1877fbdf8148c5fe2e679aab999f1470f646
Sayem-Mohammad-Imtiaz/pythonrepo, program1.py, 0bba4fba5de74d384f264da6648f36d962f2030c
Sayem-Mohammad-Imtiaz/pythonrepo, program1.py, e06d303a6f5c88b4de1706bddd5307391e2e6229
Sayem-Mohammad-Imtiaz/pythonrepo, program1.py, ab7ef8e4bc11aa8b156c2a14fe5a91f6405adb1e
Sayem-Mohammad-Imtiaz/pythonrepo, program1.py, b0d6803e2471a1a3603d4379cb1e59192ca39b36
Sayem-Mohammad-Imtiaz/pythonrepo, program1.py, 65f5f06ee616a77f953a038f1a6479acf57d5cde
Sayem-Mohammad-Imtiaz/pythonrepo, program1.py, 8be3d7cc06afd68d89f130b0e251e5c9064dd2a2
Sayem-Mohammad-Imtiaz/pythonrepo, program1.py, 5dbf1dd99dba0335a52c894a55cb602b34508340
Sayem-Mohammad-Imtiaz/pythonrepo, program1.py, 8afb80fff9428811cf0ed2cc5c37e1eb64bb271a
Sayem-Mohammad-Imtiaz/pythonrepo, program1.py, 0bb951358ca079c32949ce5b37ae73a2951992c8
Sayem-Mohammad-Imtiaz/pythonrepo, program1.py, 72cb6fece0699bdf0c8ce2f705197a3e80953f68
Sayem-Mohammad-Imtiaz/pythonrepo, program1.py, 83cfb04748054b18569296202cc3ef15ad6831eb
Sayem-Mohammad-Imtiaz/pythonrepo, program1.py, 069423a418647873a2bcc5f50f1a81101c7be621
Sayem-Mohammad-Imtiaz/pythonrepo, program1.py, 88486e8425f770b6929e5f74d74a99f0354cf628
Sayem-Mohammad-Imtiaz/pythonrepo, program1.py, fdbf2f8f5ac6649e11d9c46d36c57407eb8d5b11
Sayem-Mohammad-Imtiaz/pythonrepo, program1.py, f8745ac0fc220321c03f003d90cf3a94e6f5765f
Sayem-Mohammad-Imtiaz/pythonrepo, program1.py, 138088e8ed9903cf3801ef7aa031000dd30148dd
Sayem-Mohammad-Imtiaz/pythonrepo, program1.py, 7e05ec7fee85bef6fd5ba48281303c922f086a8e
Sayem-Mohammad-Imtiaz/pythonrepo, program1.py, 6a8d0aa1be84f35de7cc7b0ff4c26bdfe80339d8
Sayem-Mohammad-Imtiaz/pythonrepo, program1.py, 0b1ef19f4898b945814323d001f5abd3575a34b0
Sayem-Mohammad-Imtiaz/pythonrepo, program1.py, 104a2545b40cdc67addecb3cd3e963bad592785d
Sayem-Mohammad-Imtiaz/pythonrepo, program1.py, 27d90bca99a77a68d94cc2a88611d291f7a1e45b
Sayem-Mohammad-Imtiaz/pythonrepo, program1.py, 15f2b1e7c361f1eed620d8c9984ddc438f34cd35
Sayem-Mohammad-Imtiaz/pythonrepo, program1.py, ee464fff3612f97934337449ade572883591cbe8
Sayem-Mohammad-Imtiaz/pythonrepo, program1.py, 57b4d6c384635358523e248a2862f0498d9cff6c
Sayem-Mohammad-Imtiaz/pythonrepo, program1.py, 5fae01e19c169a36bea0cdef1957f357bfe39b2b
Sayem-Mohammad-Imtiaz/pythonrepo, program1.py, 9ae7367189599168468d39e721743aeed7795c08
Sayem-Mohammad-Imtiaz/pythonrepo, program1.py, e40abd73d68da858be6ae07aada3515a250bf73e
Sayem-Mohammad-Imtiaz/pythonrepo, program1.py, 7a77edc9a7d66e24b124bf8de5e3dc9700f09c6b
Sayem-Mohammad-Imtiaz/pythonrepo, program1.py, 97f041b80cce98dec4337374f947cbc400bda4c8
Sayem-Mohammad-Imtiaz/pythonrepo, program1.py, c86edfce9a986755d71a76e0a1f362e9e02a464d
Sayem-Mohammad-Imtiaz/pythonrepo, program1.py, 3eb5cfc3eb24957f6b1fbaa829c026931bfe300d
Sayem-Mohammad-Imtiaz/pythonrepo, program1.py, c8dfdee4d73d5c0d012f33ba1c459d2835e300f3
Sayem-Mohammad-Imtiaz/pythonrepo, program1.py, 0e697e0441547d3f12f6ad7625262966a3996bcf
Sayem-Mohammad-Imtiaz/pythonrepo, program1.py, 7b344c13a1afa5e0fbbb60c9284244d64cbb2b08
Sayem-Mohammad-Imtiaz/pythonrepo, program1.py, b911e99b963669f7dbd872bb1ffd4e805f32458b
Sayem-Mohammad-Imtiaz/pythonrepo, program1.py, 7c75fe6bd2c8af72b7bc3222adbf7663e2c41008
Sayem-Mohammad-Imtiaz/pythonrepo, program1.py, 841edbb7625df07e809454f74d069322812aeec1
Sayem-Mohammad-Imtiaz/pythonrepo, program1.py, e5fb9440f9079251f56331f84bea9be4a2b9aafe
Sayem-Mohammad-Imtiaz/pythonrepo, program1.py, 2c7ea36b87b29b9862745c4d90fff16faec28439
Sayem-Mohammad-Imtiaz/pythonrepo, program1.py, 2ee7e89987078299a0f1c47751eb0ee5e7d4b084
Sayem-Mohammad-Imtiaz/pythonrepo, program1.py, 915b188fa0ce09fc1eef0ac3d107bf54a21c07a0
Sayem-Mohammad-Imtiaz/pythonrepo, program1.py, bf87f5e8f2660a0f0f49c6ac45a797e5854001a2
Sayem-Mohammad-Imtiaz/pythonrepo, program1.py, 8da4dc13fe2cbfae8550c8a2a3ec413a72561218
Sayem-Mohammad-Imtiaz/pythonrepo, program1.py, 9be0740e1d44a528a05bb94d91e2d0a06b43ec58
Sayem-Mohammad-Imtiaz/pythonrepo, program1.py, 83d6da3eb2f518faa8573e6bcaf98c054daed34c
Sayem-Mohammad-Imtiaz/pythonrepo, program1.py, 099ae4584312c4c4b3eb0c367b8755e67cbab24c
Sayem-Mohammad-Imtiaz/pythonrepo, program1.py, f69dfd85fb1f7d64a945ccf9fd9c749e0daae10f
Sayem-Mohammad-Imtiaz/pythonrepo, program1.py, 0a1b0aab4ed6ea3678edee0274b09fe023243754
Sayem-Mohammad-Imtiaz/pythonrepo, program1.py, 7133e3559169599b30441df92323e69bd45490e0
Sayem-Mohammad-Imtiaz/pythonrepo, program1.py, 54bb592d0572c82459208a843d83f6bbb259b7ec
Sayem-Mohammad-Imtiaz/pythonrepo, program1.py, b4822dbdb40e94c80c04e896cd14190c6c4ccda9
Sayem-Mohammad-Imtiaz/pythonrepo, program1.py, 162b89babe3065c412d74737e5a101b221975fa7
Sayem-Mohammad-Imtiaz/pythonrepo, program1.py, df2cfdc36a8cd4e5fe1c4fdba740b0f6fff4f722
Sayem-Mohammad-Imtiaz/pythonrepo, program1.py, 0716649172f3c5c566979cffee9602095ecca91f
Sayem-Mohammad-Imtiaz/pythonrepo, program1.py, 19f2b56f6f3b9a8ea511df56704b7c90a6e518bc
Sayem-Mohammad-Imtiaz/pythonrepo, program1.py, 2edb5572084878b6d97ac07b27811f7cbe8228a6
Sayem-Mohammad-Imtiaz/pythonrepo, program1.py, a2f4e8f0634bdc325b298c866b8e53ada27d2cdd
Sayem-Mohammad-Imtiaz/pythonrepo, program1.py, 55ee9707529d2bb8a350eafb32aec8d50426784f
Sayem-Mohammad-Imtiaz/pythonrepo, program1.py, 54a629633accb9d399f09aefb55abd4e4678285d
Sayem-Mohammad-Imtiaz/pythonrepo, program1.py, 53b3fb9d2af898c43b5926b1d4c99e9af67f298e
Sayem-Mohammad-Imtiaz/pythonrepo, program1.py, 41681932b25e68f6152cc97052055c59d05041e4
Sayem-Mohammad-Imtiaz/pythonrepo, program1.py, 1a701b5ebea0855ca061be6844d102376ac2d94e
Sayem-Mohammad-Imtiaz/pythonrepo, program1.py, 3ce741cdfccdc0cca18ec4229a166a20054f570e
Sayem-Mohammad-Imtiaz/pythonrepo, program1.py, caf2cc267acdbd5e636987c07d843b3b921f1128
Sayem-Mohammad-Imtiaz/pythonrepo, program1.py, c8f14974757b212c0e7251bc34171dcb337ecb25
Sayem-Mohammad-Imtiaz/pythonrepo, program1.py, a44e3ef017b792eaae966c5b1d962694ea5f42f0
Sayem-Mohammad-Imtiaz/pythonrepo, program1.py, f7b5821cb7bdf05e7ded3372dd31eb28324088bb
Sayem-Mohammad-Imtiaz/pythonrepo, program1.py, 7216e8ea086742d16693829027ac5976fe787d93
Sayem-Mohammad-Imtiaz/pythonrepo, program1.py, eca9dafd1c5ea8e17ab05b0147f2349fa3cb25f2
Sayem-Mohammad-Imtiaz/pythonrepo, program1.py, d6e89105b058f535cdb1cf478a127bebcf2c0389
Sayem-Mohammad-Imtiaz/pythonrepo, program1.py, 3120e54a4a23301079f2bd044b1d945a439356fa
Sayem-Mohammad-Imtiaz/pythonrepo, program1.py, be530bfcf0fd5375b810eb1dcb5ec07e58108ec6
Sayem-Mohammad-Imtiaz/pythonrepo, program1.py, 892d9e33110d0ea6c6bac9cccae7edc5f663212a
Sayem-Mohammad-Imtiaz/pythonrepo, program1.py, 3fb29a4664ceb319bd38cc7bf5c34b6b9b40bc23
Sayem-Mohammad-Imtiaz/pythonrepo, program1.py, e34e725a50f32e8774523fc27fd8e3d1292c18a8
Sayem-Mohammad-Imtiaz/pythonrepo, program1.py, ae02c38d4a7db1dd7909a055c49afe9007795e35
Sayem-Mohammad-Imtiaz/pythonrepo, program1.py, 2cdb24b3fb4245980a336ae3a0991746518df6de
Sayem-Mohammad-Imtiaz/pythonrepo, program1.py, ddda4c361317c6e4ccc0d8ab595862fb5d959847
Sayem-Mohammad-Imtiaz/pythonrepo, program1.py, f72bf9ce7862f61406af22ab983ed3aae95dc7d0
Sayem-Mohammad-Imtiaz/pythonrepo, program1.py, 2255462b907a5adde16dad6d9c218d0e38612262
Sayem-Mohammad-Imtiaz/pythonrepo, program1.py, 7697e497b0a5569ec9d49288a829ac004a23ed8a
Sayem-Mohammad-Imtiaz/pythonrepo, program1.py, 1fa5287e574dce27b7efe5cf7aa16de2aae7d6fd
Sayem-Mohammad-Imtiaz/pythonrepo, program1.py, 2d8a304e4d7d27999194c9ed10156e643dd2c730
Sayem-Mohammad-Imtiaz/pythonrepo, program1.py, 227da2e8a278929ad419deb1148380d1b3757b32
Sayem-Mohammad-Imtiaz/pythonrepo, program1.py, 0a1c9039a88852af267fa59f186bcd38945c00a9
Sayem-Mohammad-Imtiaz/pythonrepo, program1.py, ce104b54fbd8b04242e3905f284e876c51c11b58
Sayem-Mohammad-Imtiaz/pythonrepo, program1.py, 034a83b7e735ea931a6d0044199328f4be1af711
Sayem-Mohammad-Imtiaz/pythonrepo, program1.py, 2515e28280df2df7d8564dab730507436a25fb09
Sayem-Mohammad-Imtiaz/pythonrepo, program1.py, 294df43d3b5ce8693c04fbe74d3ffb49175b323f
Sayem-Mohammad-Imtiaz/pythonrepo, program1.py, 2744aa1dd1492e3e6ded120d9e2fde1619f9b4ac
Sayem-Mohammad-Imtiaz/pythonrepo, program1.py, fe2965aae0e4c0d41738aacdee1a24a9d0bfaddf
Sayem-Mohammad-Imtiaz/pythonrepo, program1.py, 519757b8b32495ac136fc84c8519dc2f54171aba
Sayem-Mohammad-Imtiaz/pythonrepo, program1.py, 085636d31c6bcd8610b66b5506abb6e72cd39d53
Sayem-Mohammad-Imtiaz/pythonrepo, program1.py, 67b4185f13beb07433b2a1f8722e613ac5b47e60
Sayem-Mohammad-Imtiaz/pythonrepo, program1.py, 85669e31b416676b56e13b71ca919eba1d30bdc7
Sayem-Mohammad-Imtiaz/pythonrepo, program1.py, 21b6664e1a4d9ec0bc0863fb22baf2198097f20e
Sayem-Mohammad-Imtiaz/pythonrepo, program1.py, dd5c0b5cabe9180ab6d8955fb0b135ae5ca2868b
Sayem-Mohammad-Imtiaz/pythonrepo, program1.py, 5e588247583132f37d9a2efc45202e788e0fc51f
Sayem-Mohammad-Imtiaz/pythonrepo, program1.py, bd0cd46ecdd9535663eaf5cb15132c316efb0ff5
Sayem-Mohammad-Imtiaz/pythonrepo, program1.py, e1578f480b8106555420b1ce1bd436220216de20
Sayem-Mohammad-Imtiaz/pythonrepo, program1.py, 986155cd06c00d637132f859f110f56d702998c5
Sayem-Mohammad-Imtiaz/pythonrepo, program1.py, 17ae807b469dd4c5e943d35da447c8d88e7dc93e
Sayem-Mohammad-Imtiaz/pythonrepo, program1.py, 0012643aea5c460ee580f18887f77aeba7acbc7a
Sayem-Mohammad-Imtiaz/pythonrepo, program1.py, 83c0a13d4bec19c898d9327cafb17f83c2044260
Sayem-Mohammad-Imtiaz/pythonrepo, program1.py, 0dc1aba23c201e8c58bf6662c516a2383b36bb46
Sayem-Mohammad-Imtiaz/pythonrepo, program1.py, 9b2e0513245badfc629f8bb314ae9b899818bb06
Sayem-Mohammad-Imtiaz/pythonrepo, program1.py, 8ebe9331aefa8b6788f29e12e582644ee51b4a92
Sayem-Mohammad-Imtiaz/pythonrepo, program1.py, d600ebfcbe86d27d655e1ddb4dd80cb954e81129
Sayem-Mohammad-Imtiaz/pythonrepo, program1.py, 10c79419de484a9c3ffc91f33af86d076b5c2896
Sayem-Mohammad-Imtiaz/pythonrepo, program1.py, e631652aafbb5314e3d1461b56c0ac4bfb825e97
Sayem-Mohammad-Imtiaz/pythonrepo, program1.py, 4df05f8d08a5bc045eae80167941384b8fa9f0bc
Sayem-Mohammad-Imtiaz/pythonrepo, program1.py, 6ba81d9c9cfcd480bc2a043e47f0e62416a507c7
Sayem-Mohammad-Imtiaz/pythonrepo, program1.py, eb80165e444de0282861071aad99991381a5346b
Sayem-Mohammad-Imtiaz/pythonrepo, program1.py, c024517b305f219af493566cd5f4c42a176eca72
Sayem-Mohammad-Imtiaz/pythonrepo, program1.py, f47ed828fcc93c611b95383fe601e530328b2ff3
Sayem-Mohammad-Imtiaz/pythonrepo, program1.py, 1e31cbb0ce47114b7ab3272e02debaaf0ee22dc8
Sayem-Mohammad-Imtiaz/pythonrepo, program1.py, 775f496f5d7a89f6b592a205a69bd40876bd4911
Sayem-Mohammad-Imtiaz/pythonrepo, program1.py, e2eb969006e6d829be2bd211eacb092022d2e057
Sayem-Mohammad-Imtiaz/pythonrepo, program1.py, c44199dd235b14efc201db911499444175a3bcf5
Sayem-Mohammad-Imtiaz/pythonrepo, program1.py, 40c37b204e0ebff724e7dacd33c77df5d7affa74
Sayem-Mohammad-Imtiaz/pythonrepo, program1.py, 664da0c8832d9730624c717aba10c28f3e4c071a
Sayem-Mohammad-Imtiaz/pythonrepo, program1.py, fc4cbf2793685470bbc00fdd1b027e06e6e78c93
Sayem-Mohammad-Imtiaz/pythonrepo, program1.py, 1d363f5650b55e9127cf82e3456f842d78f02234
Sayem-Mohammad-Imtiaz/pythonrepo, program1.py, 933976f3b0da2cd54dea787cf348e56c56b9c67a
Sayem-Mohammad-Imtiaz/pythonrepo, program1.py, e1b40e6d1ac0b33a63596b76bf4a6035bc1993a8
Sayem-Mohammad-Imtiaz/pythonrepo, program1.py, ee9454e4f4f0e055cf4af91dde550e25036eaf66
Sayem-Mohammad-Imtiaz/pythonrepo, program1.py, 89fe3021746e57a10279c6f2fd515cb2803b8b53
Sayem-Mohammad-Imtiaz/pythonrepo, program1.py, 191a24c62ae9f96e6c6a4ab53c3f6a4d8473b74b
Sayem-Mohammad-Imtiaz/pythonrepo, program1.py, 4bd65482d501599e767a65510f9c42a9228f6ea8
Sayem-Mohammad-Imtiaz/pythonrepo, program1.py, ce5748d80586cfc773b11c2fd686c5ace4d23587
Sayem-Mohammad-Imtiaz/pythonrepo, program1.py, 8a5fae543101c8e0f72c6cc63cf1dcfca29fb1d8
Sayem-Mohammad-Imtiaz/pythonrepo, program1.py, d8e95a3163b14a3320fe4d1258fdd4a6b594ed55
Sayem-Mohammad-Imtiaz/pythonrepo, program1.py, 36c5f6bfc58b8306d34781163585c549226806bc
Sayem-Mohammad-Imtiaz/pythonrepo, program1.py, 71e28f25b6c9955826fa0edb1f3d9762fbaeea42
Sayem-Mohammad-Imtiaz/pythonrepo, program1.py, fc7dc52110ed61c6bdcb42cb768679302faf95c7
Sayem-Mohammad-Imtiaz/pythonrepo, program1.py, fcede14b1fb90e5120795fb58a66bc2d0daf5f7e
Sayem-Mohammad-Imtiaz/pythonrepo, program1.py, 345151b3d289b35d24091f0637099db8369c378a
Sayem-Mohammad-Imtiaz/pythonrepo, program1.py, f4ad48c5f74550e499311a0f23d69ad250ea1c91
Sayem-Mohammad-Imtiaz/pythonrepo, program1.py, 8e040acb17cf5711ad26db02973bb74123050e2a
Sayem-Mohammad-Imtiaz/pythonrepo, program1.py, 41f74cafbacb4ddabda022b73b32d49486304d26
Sayem-Mohammad-Imtiaz/pythonrepo, program1.py, f81a12a8fa29b45ede74cefdd0e6908ea3a1a70a
Sayem-Mohammad-Imtiaz/pythonrepo, program1.py, 7bc604d8693444ffeb0cf91bf07f6e95a42d8c18
Sayem-Mohammad-Imtiaz/pythonrepo, program1.py, 6dad1b50007b5fc2161c17f9031bdf5b73e57a45
Sayem-Mohammad-Imtiaz/pythonrepo, program1.py, 5bf3c01254d8bbc7fdd1dd6037fc2e429dbd0493
Sayem-Mohammad-Imtiaz/pythonrepo, program1.py, 343629b54bdd383def5d5e1307761cbdba1af68c
Sayem-Mohammad-Imtiaz/pythonrepo, program1.py, f8dd2935c2d4dd45d2e71fb37d0988edf9250f36
Sayem-Mohammad-Imtiaz/pythonrepo, program2.py, de86b033834118a7dcc14f0932f5e1fcf40ae58a
Sayem-Mohammad-Imtiaz/pythonrepo, program1.py, f34502f55006a130f3f4c280dbafb89e5117e197
Sayem-Mohammad-Imtiaz/pythonrepo, program1.py, 577f896413885e78227d80e74029f9051ee55791
Sayem-Mohammad-Imtiaz/pythonrepo, program1.py, 8eedd5c18c947595ecad5de29147eca9b0f0e448
Sayem-Mohammad-Imtiaz/pythonrepo, program1.py, cd9284749408e932d03be8486d5b261d8a13234d
Sayem-Mohammad-Imtiaz/pythonrepo, program1.py, 2a3dfa539e17d800a451b936891bd23a890112f1
Sayem-Mohammad-Imtiaz/pythonrepo, program1.py, f3631d8543b87c69e8c295ece2346924ce305650
Sayem-Mohammad-Imtiaz/pythonrepo, program1.py, 1a9d5a165c08879d18e974b62d9008327a9e2f43
Sayem-Mohammad-Imtiaz/pythonrepo, program1.py, c291ca1ef1f7d9f1a8b6bdf4bbb3efe30e8f554d
Sayem-Mohammad-Imtiaz/pythonrepo, program1.py, 962f2723f7399d314280ec342c203efe7a55cb3d
Sayem-Mohammad-Imtiaz/pythonrepo, program1.py, bf48a4a63893905689df28fa41d16ec7b65e7296
Sayem-Mohammad-Imtiaz/pythonrepo, program1.py, 4f370f5443ee8323f8823a6a8e0cf7d4c4e0b526
Sayem-Mohammad-Imtiaz/pythonrepo, program1.py, d3d8944f2281fc143ebaa3678d902df756c3dce1
Sayem-Mohammad-Imtiaz/pythonrepo, program1.py, 63f208cdfa23094ecb78a23cef1995d4f1bb70e7
Sayem-Mohammad-Imtiaz/pythonrepo, program1.py, a0a84156bbb51ce7e4db27aefb33ed47186ac516
Sayem-Mohammad-Imtiaz/pythonrepo, program1.py, c7e4f6bcfab6ed464b2f7a58e8c2dc229ce278d3
Sayem-Mohammad-Imtiaz/pythonrepo, program1.py, 93b7807a8c89b26addc922d52446f7f49374805f
Sayem-Mohammad-Imtiaz/pythonrepo, program1.py, f9df4820d3b0b91239c08ffa9fdbe06b6fb2b46c
Sayem-Mohammad-Imtiaz/pythonrepo, program1.py, fb183681d2fae74e68886bf222279120258efcbb
Sayem-Mohammad-Imtiaz/pythonrepo, program1.py, 9ad35b8b64777d7fc770c7201b78f4a5f5142102
Sayem-Mohammad-Imtiaz/pythonrepo, program1.py, 0616f1b2c3a71b02453b7277c575b14f24bcd62d
Sayem-Mohammad-Imtiaz/pythonrepo, program1.py, e78aaa43b4a01585ed2c6c5c58dc60c7e4bbf04e
Sayem-Mohammad-Imtiaz/pythonrepo, program1.py, 2d107b97efd5f678c141a954ebc55b519a5b239a
Sayem-Mohammad-Imtiaz/pythonrepo, program1.py, d6e58d4e5506e06400706e3fc6a8b4da7b57e100
Sayem-Mohammad-Imtiaz/pythonrepo, program1.py, ce6ba22ac91f0d63bc9a25feaada98129134adbe
Sayem-Mohammad-Imtiaz/pythonrepo, program1.py, 44bab4d620c7c0307992dbe2cce3f7b2eaabd61b
Sayem-Mohammad-Imtiaz/pythonrepo, program1.py, 32d082bd163735cccf63e0f3f85fb24f795a3d1e
Sayem-Mohammad-Imtiaz/pythonrepo, program1.py, e2eec243665b12146eba1257f458881e1507db8f
Sayem-Mohammad-Imtiaz/pythonrepo, program1.py, d1b6f481a26e2c2c24f3b5984217839d256b169d
Sayem-Mohammad-Imtiaz/pythonrepo, program1.py, 47eb8097c5629e61f0fad6b619d29bf473121563
Sayem-Mohammad-Imtiaz/pythonrepo, program1.py, 4c5a3b21a76b658773499367b2e1a5027d4903c3
Sayem-Mohammad-Imtiaz/pythonrepo, program1.py, f5bb848bb99de49cd73f07301e0fc03b091189d8
Sayem-Mohammad-Imtiaz/pythonrepo, program1.py, a8324468aa8d8324cd32153c663d2a734329c9f5
Sayem-Mohammad-Imtiaz/pythonrepo, program1.py, 07429c1aca3ca7f4461a6c7f2019195a32fab4e1
Sayem-Mohammad-Imtiaz/pythonrepo, program1.py, a4f7e4438ca6227fac4d741c1849a04f6b6463ec
Sayem-Mohammad-Imtiaz/pythonrepo, program1.py, 9084b985c2c134972d7d015eacbcdc091f03f8da
Sayem-Mohammad-Imtiaz/pythonrepo, program1.py, e940940342a1b463f4e85397c739a18bc52756f8
Sayem-Mohammad-Imtiaz/pythonrepo, program1.py, 976cef68c86deb259f93c910bb531e4ada44ce8e
Sayem-Mohammad-Imtiaz/pythonrepo, program1.py, null
Sayem-Mohammad-Imtiaz/pythonrepo, program2.py, null
